,file_name,race
0,100_1_0_20170119212053665_00.png,White
1,10_0_0_20170116201102149_00.png,White
2,10_0_0_20170120220628194_00.png,White
3,110_1_0_20170120134701015_00.png,White
4,111_1_0_20170120134646399_00.png,White
5,115_1_0_20170120134725990_00.png,White
6,115_1_0_20170120134725991_00.png,White
7,116_1_0_20170120134921760_00.png,White
8,11_1_0_20170117133441179_00.png,White
9,13_1_0_20170120133325603_00.png,White
10,14_0_0_20170116204045849_00.png,White
11,14_0_0_20170116211955846_00.png,White
12,14_0_0_20170120133332421_00.png,White
13,14_1_0_20170119150832998_00.png,White
14,15_0_0_20170116201123807_00.png,White
15,15_0_0_20170120133307597_00.png,White
16,15_1_0_20170116232438243_00.png,White
17,16_0_0_20170120133327900_00.png,White
18,16_1_0_20170116204045849_00.png,White
19,16_1_0_20170116214318225_00.png,White
20,16_1_0_20170117133441179_00.png,White
21,16_1_0_20170119155149354_00.png,White
22,17_0_0_20170116221917954_00.png,White
23,17_0_0_20170117091447979_00.png,White
24,17_0_0_20170120133328941_00.png,White
25,17_1_0_20170116222802508_00.png,White
26,18_1_0_20170117133441179_00.png,White
27,19_0_0_20170119150054894_00.png,White
28,19_0_0_20170120133526566_00.png,White
29,19_1_0_20170119145731470_00.png,White
30,20_0_0_20170116205342932_00.png,White
31,20_0_0_20170117005807799_00.png,White
32,20_0_0_20170120133527581_00.png,White
33,20_0_0_20170120133547085_00.png,White
34,20_1_0_20170116000638538_00.png,White
35,20_1_0_20170116214335363_00.png,White
36,20_1_0_20170119153358328_00.png,White
37,20_1_0_20170119153405080_00.png,White
38,20_1_0_20170119153410801_00.png,White
39,20_1_0_20170119153717575_00.png,White
40,20_1_0_20170119153738075_00.png,White
41,20_1_0_20170120140127200_00.png,White
42,21_0_0_20170116225141614_00.png,White
43,21_0_0_20170120134243735_00.png,White
44,21_1_0_20170120134012302_00.png,White
45,22_0_0_20170116220735674_00.png,White
46,22_0_0_20170119150241646_00.png,White
47,22_0_0_20170119150313790_00.png,White
48,22_0_0_20170119151204830_00.png,White
49,22_1_0_20170120133800998_00.png,White
50,22_1_0_20170120133804390_00.png,White
51,23_0_0_20170119145312190_00.png,White
52,23_0_0_20170119163828336_00.png,White
53,23_1_0_20170116221819522_00.png,White
54,23_1_0_20170116222839270_00.png,White
55,24_0_0_20170116204032263_00.png,White
56,24_0_0_20170117003314278_00.png,White
57,24_0_0_20170119150204399_00.png,White
58,24_0_0_20170119151341215_00.png,White
59,24_0_0_20170119152257171_00.png,White
60,24_1_0_20170116211912644_00.png,White
61,24_1_0_20170116214453175_00.png,White
62,24_1_0_20170116222936821_00.png,White
63,24_1_0_20170116225049260_00.png,White
64,24_1_0_20170117013808240_00.png,White
65,24_1_0_20170117120938226_00.png,White
66,24_1_0_20170119170930694_00.png,White
67,24_1_0_20170119170936274_00.png,White
68,24_1_0_20170119171026777_00.png,White
69,24_1_0_20170119211426377_00.png,White
70,25_0_0_20170116200810348_00.png,White
71,25_0_0_20170116213542860_00.png,White
72,25_0_0_20170119145504925_00.png,White
73,25_0_0_20170119171125583_00.png,White
74,25_0_0_20170119171135792_00.png,White
75,25_0_0_20170119171141465_00.png,White
76,25_0_0_20170119171142840_00.png,White
77,25_0_0_20170119171843896_00.png,White
78,25_0_0_20170120134516424_00.png,White
79,25_0_0_20170120221436173_00.png,White
80,25_0_0_20170120222735442_00.png,White
81,25_1_0_20170116002343174_00.png,White
82,25_1_0_20170116205342932_00.png,White
83,25_1_0_20170116213524092_00.png,White
84,25_1_0_20170119163307644_00.png,White
85,25_1_0_20170119172023545_00.png,White
86,25_1_0_20170119172027811_00.png,White
87,25_1_0_20170119172029833_00.png,White
88,25_1_0_20170119172030770_00.png,White
89,25_1_0_20170119172033312_00.png,White
90,26_0_0_20170116152556326_00.png,White
91,26_0_0_20170116192554607_00.png,White
92,26_0_0_20170116193409254_00.png,White
93,26_0_0_20170116205232826_00.png,White
94,26_0_0_20170116215855605_00.png,White
95,26_0_0_20170116224921695_00.png,White
96,26_0_0_20170116232725357_00.png,White
97,26_0_0_20170116232936514_00.png,White
98,26_0_0_20170117120944631_00.png,White
99,26_0_0_20170119172232809_00.png,White
100,26_0_0_20170119175520123_00.png,White
101,26_0_0_20170119175528635_00.png,White
102,26_0_0_20170119180056835_00.png,White
103,26_0_0_20170119180114276_00.png,White
104,26_0_0_20170119180126156_00.png,White
105,26_0_0_20170119180138027_00.png,White
106,26_0_0_20170119180141460_00.png,White
107,26_0_0_20170119180207803_00.png,White
108,26_0_0_20170119180222692_00.png,White
109,26_0_0_20170119180652115_00.png,White
110,26_0_0_20170119184314895_00.png,White
111,26_0_0_20170119184315753_00.png,White
112,26_0_0_20170120134026967_00.png,White
113,26_0_0_20170120134035224_00.png,White
114,26_0_0_20170120134036223_00.png,White
115,26_0_0_20170120134052839_00.png,White
116,26_0_0_20170120134358310_00.png,White
117,26_0_0_20170120134406935_00.png,White
118,26_0_0_20170120134533448_00.png,White
119,26_0_0_20170120134634767_00.png,White
120,26_0_0_20170120134635670_00.png,White
121,26_0_0_20170120140037464_00.png,White
122,26_0_0_20170120140714337_00.png,White
123,26_1_0_20170116192554607_00.png,White
124,26_1_0_20170116193157590_00.png,White
125,26_1_0_20170116204809505_00.png,White
126,26_1_0_20170116225049260_00.png,White
127,26_1_0_20170116232646294_00.png,White
128,26_1_0_20170117003314278_00.png,White
129,26_1_0_20170119180130438_00.png,White
130,26_1_0_20170119192623081_00.png,White
131,26_1_0_20170119192656049_00.png,White
132,26_1_0_20170119192657178_00.png,White
133,26_1_0_20170119192908266_00.png,White
134,26_1_0_20170119211348122_00.png,White
135,26_1_0_20170120134215383_00.png,White
136,26_1_0_20170120134302655_00.png,White
137,27_0_0_20170116213542860_00.png,White
138,27_0_0_20170116232646294_00.png,White
139,27_0_0_20170117013808240_00.png,White
140,27_0_0_20170117020138207_00.png,White
141,27_0_0_20170117120426927_00.png,White
142,27_0_0_20170117134951867_00.png,White
143,27_0_0_20170119145326086_00.png,White
144,27_0_0_20170119150234550_00.png,White
145,27_0_0_20170119193202931_00.png,White
146,27_0_0_20170120220108816_00.png,White
147,27_1_0_20170119154437418_00.png,White
148,27_1_0_20170119155531065_00.png,White
149,27_1_0_20170119163226214_00.png,White
150,27_1_0_20170119194402442_00.png,White
151,28_0_0_20170116003131512_00.png,White
152,28_0_0_20170116003139657_00.png,White
153,28_0_0_20170116232628323_00.png,White
154,28_0_0_20170117120226377_00.png,White
155,28_0_0_20170117120938226_00.png,White
156,28_0_0_20170117140820048_00.png,White
157,28_0_0_20170119155105218_00.png,White
158,28_0_0_20170119194754322_00.png,White
159,28_0_0_20170119194800515_00.png,White
160,28_0_0_20170120133901719_00.png,White
161,28_0_0_20170120133921719_00.png,White
162,28_0_0_20170120134223574_00.png,White
163,28_0_0_20170120134320743_00.png,White
164,28_0_0_20170120134432302_00.png,White
165,28_0_0_20170120134909814_00.png,White
166,28_0_0_20170120220120096_00.png,White
167,28_0_0_20170120220122514_00.png,White
168,28_0_0_20170120221639941_00.png,White
169,28_0_0_20170120221648261_00.png,White
170,28_1_0_20170116000534759_00.png,White
171,28_1_0_20170116202056699_00.png,White
172,28_1_0_20170116205749382_00.png,White
173,28_1_0_20170116213524092_00.png,White
174,28_1_0_20170117003302256_00.png,White
175,28_1_0_20170117020138207_00.png,White
176,28_1_0_20170119155143777_00.png,White
177,28_1_0_20170120140301800_00.png,White
178,29_0_0_20170116225141614_00.png,White
179,29_0_0_20170116233154004_00.png,White
180,29_0_0_20170117120426927_00.png,White
181,29_0_0_20170119195119659_00.png,White
182,29_0_0_20170119195149987_00.png,White
183,29_0_0_20170119195323402_00.png,White
184,29_1_0_20170116003521569_00.png,White
185,29_1_0_20170117130603900_00.png,White
186,29_1_0_20170117153920514_00.png,White
187,29_1_0_20170119164401126_00.png,White
188,29_1_0_20170119195510715_00.png,White
189,29_1_0_20170120133642078_00.png,White
190,29_1_0_20170120140336809_00.png,White
191,29_1_0_20170120140806986_00.png,White
192,30_0_0_20170116232936514_00.png,White
193,30_0_0_20170117003412499_00.png,White
194,30_0_0_20170117171629282_00.png,White
195,30_0_0_20170119145340944_00.png,White
196,30_0_0_20170119145357069_00.png,White
197,30_0_0_20170119150440126_00.png,White
198,30_0_0_20170119180139147_00.png,White
199,30_0_0_20170119180216577_00.png,White
200,30_0_0_20170119195539771_00.png,White
201,30_0_0_20170119195542220_00.png,White
202,30_0_0_20170120134230135_00.png,White
203,30_0_0_20170120134248646_00.png,White
204,30_0_0_20170120220636164_00.png,White
205,30_0_0_20170120220656642_00.png,White
206,30_0_0_20170120223905134_00.png,White
207,30_1_0_20170120133648501_00.png,White
208,30_1_0_20170120220732969_00.png,White
209,30_1_0_20170120220742867_00.png,White
210,31_0_0_20170116233154004_00.png,White
211,31_0_0_20170117120944631_00.png,White
212,31_0_0_20170117130657701_00.png,White
213,31_0_0_20170117153916924_00.png,White
214,31_0_0_20170120134310511_00.png,White
215,31_0_0_20170120134346407_00.png,White
216,31_1_0_20170116232936514_00.png,White
217,31_1_0_20170119150929511_00.png,White
218,31_1_0_20170119200057620_00.png,White
219,31_1_0_20170120134909814_00.png,White
220,32_0_0_20170116235403701_00.png,White
221,32_0_0_20170117130014250_00.png,White
222,32_0_0_20170119200343782_00.png,White
223,32_0_0_20170120220856044_00.png,White
224,32_0_0_20170120220858579_00.png,White
225,32_0_0_20170120220945196_00.png,White
226,32_1_0_20170116193207695_00.png,White
227,32_1_0_20170119163257405_00.png,White
228,32_1_0_20170120134012302_00.png,White
229,32_1_0_20170120220532409_00.png,White
230,32_1_0_20170120220848324_00.png,White
231,32_1_0_20170120220940628_00.png,White
232,33_0_0_20170116232429422_00.png,White
233,33_0_0_20170120220056442_00.png,White
234,33_0_0_20170120220115217_00.png,White
235,33_0_0_20170120221754125_00.png,White
236,33_0_0_20170120225727019_00.png,White
237,33_1_0_20170116205749382_00.png,White
238,33_1_0_20170119145706157_00.png,White
239,33_1_0_20170119192533970_00.png,White
240,34_0_0_20170116215618294_00.png,White
241,34_0_0_20170116232429422_00.png,White
242,34_0_0_20170116232927836_00.png,White
243,34_0_0_20170119151435927_00.png,White
244,34_0_0_20170119180157900_00.png,White
245,34_0_0_20170119180649883_00.png,White
246,34_0_0_20170119200555732_00.png,White
247,34_0_0_20170119200810940_00.png,White
248,34_1_0_20170116000626046_00.png,White
249,34_1_0_20170116232936514_00.png,White
250,34_1_0_20170119151149436_00.png,White
251,34_1_0_20170119170609560_00.png,White
252,34_1_0_20170119200850021_00.png,White
253,34_1_0_20170120140756170_00.png,White
254,34_1_0_20170120221017644_00.png,White
255,34_1_0_20170120223213290_00.png,White
256,34_1_0_20170120223231804_00.png,White
257,35_0_0_20170116214606934_00.png,White
258,35_0_0_20170116232636326_00.png,White
259,35_0_0_20170116233057278_00.png,White
260,35_0_0_20170117135440070_00.png,White
261,35_0_0_20170117153823071_00.png,White
262,35_0_0_20170117153829116_00.png,White
263,35_0_0_20170119171132449_00.png,White
264,35_0_0_20170119200917429_00.png,White
265,35_0_0_20170119200919084_00.png,White
266,35_0_0_20170119200925684_00.png,White
267,35_0_0_20170119200935316_00.png,White
268,35_0_0_20170119200947460_00.png,White
269,35_0_0_20170119201414564_00.png,White
270,35_0_0_20170119201458029_00.png,White
271,35_0_0_20170119201459165_00.png,White
272,35_0_0_20170120134044902_00.png,White
273,35_0_0_20170120220454138_00.png,White
274,35_0_0_20170120220510131_00.png,White
275,35_0_0_20170120220544849_00.png,White
276,35_0_0_20170120220720314_00.png,White
277,35_0_0_20170120220934299_00.png,White
278,35_0_0_20170120221029196_00.png,White
279,35_0_0_20170120221032076_00.png,White
280,35_0_0_20170120221059452_00.png,White
281,35_0_0_20170120222647529_00.png,White
282,35_0_0_20170120222700840_00.png,White
283,35_0_0_20170120223253707_00.png,White
284,35_0_0_20170120223710300_00.png,White
285,35_0_0_20170120224033278_00.png,White
286,35_1_0_20170116223137874_00.png,White
287,35_1_0_20170117022414604_00.png,White
288,35_1_0_20170119153703606_00.png,White
289,35_1_0_20170120134033334_00.png,White
290,35_1_0_20170120140127200_00.png,White
291,35_1_0_20170120220747764_00.png,White
292,35_1_0_20170120220833948_00.png,White
293,35_1_0_20170120225310113_00.png,White
294,36_0_0_20170116225145916_00.png,White
295,36_0_0_20170117153823071_00.png,White
296,36_0_0_20170119155816042_00.png,White
297,36_0_0_20170119180045547_00.png,White
298,36_0_0_20170119180123410_00.png,White
299,36_0_0_20170119194752299_00.png,White
300,36_0_0_20170119201550109_00.png,White
301,36_0_0_20170119201626207_00.png,White
302,36_0_0_20170119201644461_00.png,White
303,36_0_0_20170120134402762_00.png,White
304,36_0_0_20170120221426365_00.png,White
305,36_1_0_20170119192652946_00.png,White
306,36_1_0_20170120140736273_00.png,White
307,37_0_0_20170119180034627_00.png,White
308,37_0_0_20170119202217510_00.png,White
309,37_0_0_20170119202220220_00.png,White
310,37_0_0_20170119202221757_00.png,White
311,37_0_0_20170119202224141_00.png,White
312,37_0_0_20170119202225685_00.png,White
313,37_0_0_20170119202407877_00.png,White
314,37_0_0_20170120221604091_00.png,White
315,37_1_0_20170119180110066_00.png,White
316,37_1_0_20170119202548638_00.png,White
317,38_0_0_20170116001012194_00.png,White
318,39_1_0_20170116001012194_00.png,White
319,39_1_0_20170117171010820_00.png,White
320,39_1_0_20170119204019503_00.png,White
321,40_0_0_20170116232927836_00.png,White
322,40_0_0_20170117193923355_00.png,White
323,40_0_0_20170120220126473_00.png,White
324,40_0_0_20170120220358609_00.png,White
325,40_0_0_20170120220807313_00.png,White
326,40_0_0_20170120221007844_00.png,White
327,40_0_0_20170120221014042_00.png,White
328,40_0_0_20170120221048429_00.png,White
329,40_0_0_20170120221110988_00.png,White
330,40_0_0_20170120221136588_00.png,White
331,40_0_0_20170120221448239_00.png,White
332,40_0_0_20170120221643832_00.png,White
333,40_0_0_20170120222008245_00.png,White
334,40_0_0_20170120223924629_00.png,White
335,40_1_0_20170117130551448_00.png,White
336,40_1_0_20170120133632861_00.png,White
337,41_0_0_20170116010754652_00.png,White
338,41_0_0_20170117133145780_00.png,White
339,41_0_0_20170117185808930_00.png,White
340,41_0_0_20170119204215791_00.png,White
341,41_0_0_20170120133745342_00.png,White
342,41_1_0_20170116235150272_00.png,White
343,42_0_0_20170116224637121_00.png,White
344,42_0_0_20170119204242599_00.png,White
345,42_0_0_20170119204245311_00.png,White
346,42_0_0_20170119204427263_00.png,White
347,42_1_0_20170116232623436_00.png,White
348,42_1_0_20170117172734743_00.png,White
349,42_1_0_20170119204510263_00.png,White
350,42_1_0_20170120221629278_00.png,White
351,43_0_0_20170117140802794_00.png,White
352,43_0_0_20170117155014385_00.png,White
353,43_0_0_20170119152313480_00.png,White
354,43_0_0_20170119163815846_00.png,White
355,43_0_0_20170119163824508_00.png,White
356,43_0_0_20170119204527446_00.png,White
357,43_0_0_20170120222356456_00.png,White
358,43_0_0_20170120222409079_00.png,White
359,43_1_0_20170119155553251_00.png,White
360,43_1_0_20170119204611182_00.png,White
361,44_0_0_20170117003404757_00.png,White
362,44_0_0_20170120134632848_00.png,White
363,44_0_0_20170120140310249_00.png,White
364,44_0_0_20170120220042234_00.png,White
365,45_0_0_20170116205749382_00.png,White
366,45_0_0_20170116232936514_00.png,White
367,45_0_0_20170116235729518_00.png,White
368,45_0_0_20170119171850161_00.png,White
369,45_0_0_20170119195628780_00.png,White
370,45_0_0_20170119195905775_00.png,White
371,45_0_0_20170119200455965_00.png,White
372,45_0_0_20170119201349453_00.png,White
373,45_0_0_20170119201904027_00.png,White
374,45_0_0_20170119203802991_00.png,White
375,45_0_0_20170119204119581_00.png,White
376,45_0_0_20170120134450959_00.png,White
377,45_0_0_20170120140945913_00.png,White
378,45_0_0_20170120220047074_00.png,White
379,45_0_0_20170120220558289_00.png,White
380,45_0_0_20170120220633050_00.png,White
381,45_0_0_20170120220710500_00.png,White
382,45_0_0_20170120220923483_00.png,White
383,45_0_0_20170120221308125_00.png,White
384,45_0_0_20170120221543685_00.png,White
385,45_0_0_20170120221555460_00.png,White
386,45_0_0_20170120221758572_00.png,White
387,45_0_0_20170120221844935_00.png,White
388,45_0_0_20170120222004116_00.png,White
389,45_1_0_20170119192452937_00.png,White
390,45_1_0_20170119204732262_00.png,White
391,45_1_0_20170120221126908_00.png,White
392,46_0_0_20170119150223726_00.png,White
393,46_0_0_20170119204805959_00.png,White
394,46_0_0_20170119204818695_00.png,White
395,46_1_0_20170120133524101_00.png,White
396,46_1_0_20170120133945310_00.png,White
397,47_0_0_20170116232623436_00.png,White
398,47_0_0_20170117195457344_00.png,White
399,47_0_0_20170117195457344_01.png,White
400,47_0_0_20170119145412957_00.png,White
401,47_0_0_20170119175343739_00.png,White
402,47_0_0_20170119202349909_00.png,White
403,47_0_0_20170119205052663_00.png,White
404,47_0_0_20170119205119560_00.png,White
405,47_0_0_20170120222507721_00.png,White
406,47_0_0_20170120222544769_00.png,White
407,47_1_0_20170119192708105_00.png,White
408,47_1_0_20170119205252879_00.png,White
409,48_0_0_20170116233057278_00.png,White
410,48_0_0_20170117153924476_00.png,White
411,48_0_0_20170117170703274_00.png,White
412,48_0_0_20170117174428789_00.png,White
413,48_0_0_20170117183518783_00.png,White
414,48_0_0_20170119205302120_00.png,White
415,48_0_0_20170120134009260_00.png,White
416,48_0_0_20170120134446448_00.png,White
417,48_0_0_20170120222650520_00.png,White
418,48_0_0_20170120224756433_00.png,White
419,48_1_0_20170117003356908_00.png,White
420,48_1_0_20170117133139314_00.png,White
421,48_1_0_20170117154722170_00.png,White
422,48_1_0_20170117160521447_00.png,White
423,48_1_0_20170117173924359_00.png,White
424,48_1_0_20170117174150685_00.png,White
425,48_1_0_20170119192701682_00.png,White
426,48_1_0_20170119201528627_00.png,White
427,48_1_0_20170119205430280_00.png,White
428,48_1_0_20170120222703841_00.png,White
429,49_0_0_20170112222149209_00.png,White
430,49_0_0_20170116192750301_00.png,White
431,49_0_0_20170117135230645_00.png,White
432,49_0_0_20170117135838690_00.png,White
433,49_0_0_20170117153916924_00.png,White
434,49_0_0_20170117154238339_00.png,White
435,49_0_0_20170117160559335_00.png,White
436,49_0_0_20170117163226874_00.png,White
437,49_0_0_20170117170554905_00.png,White
438,49_0_0_20170117180047148_00.png,White
439,49_0_0_20170117190513467_00.png,White
440,49_0_0_20170117190515851_00.png,White
441,49_0_0_20170119201555940_00.png,White
442,49_0_0_20170119202355566_00.png,White
443,49_0_0_20170119205452032_00.png,White
444,49_0_0_20170119211323601_00.png,White
445,49_1_0_20170117154443925_00.png,White
446,49_1_0_20170117160556897_00.png,White
447,49_1_0_20170117160607343_00.png,White
448,49_1_0_20170117160608302_00.png,White
449,49_1_0_20170117160609295_00.png,White
450,50_0_0_20170113184526311_00.png,White
451,50_0_0_20170113184545256_00.png,White
452,50_0_0_20170113184603160_00.png,White
453,50_0_0_20170113185024040_00.png,White
454,50_0_0_20170113210604690_00.png,White
455,50_0_0_20170116224809437_00.png,White
456,50_0_0_20170116225153572_00.png,White
457,50_0_0_20170116232735637_00.png,White
458,50_0_0_20170116232754247_00.png,White
459,50_0_0_20170116232945236_00.png,White
460,50_0_0_20170117000303844_00.png,White
461,50_0_0_20170117001207711_00.png,White
462,50_0_0_20170117091017638_00.png,White
463,50_0_0_20170117120742302_00.png,White
464,50_0_0_20170117130056489_00.png,White
465,50_0_0_20170117133129130_00.png,White
466,50_0_0_20170117135034485_00.png,White
467,50_0_0_20170117135317385_00.png,White
468,50_0_0_20170117135334839_00.png,White
469,50_0_0_20170117135339136_00.png,White
470,50_0_0_20170117135342519_00.png,White
471,50_0_0_20170117135537508_00.png,White
472,50_0_0_20170117135618315_00.png,White
473,50_0_0_20170117135739223_00.png,White
474,50_0_0_20170117144652339_00.png,White
475,50_0_0_20170117151732148_00.png,White
476,50_0_0_20170117152322862_00.png,White
477,50_0_0_20170117154157436_00.png,White
478,50_0_0_20170117154624362_00.png,White
479,50_0_0_20170117155052592_00.png,White
480,50_0_0_20170117160612319_00.png,White
481,50_0_0_20170117160622711_00.png,White
482,50_0_0_20170117160624326_00.png,White
483,50_0_0_20170117160625526_00.png,White
484,50_0_0_20170117160626703_00.png,White
485,50_0_0_20170117160733057_00.png,White
486,50_0_0_20170117170208411_00.png,White
487,50_0_0_20170117172141491_00.png,White
488,50_0_0_20170117172254068_00.png,White
489,50_0_0_20170117174607390_00.png,White
490,50_0_0_20170117180346013_00.png,White
491,50_0_0_20170117182140781_00.png,White
492,50_0_0_20170117182857325_00.png,White
493,50_0_0_20170117184546608_00.png,White
494,50_0_0_20170117185149577_00.png,White
495,50_0_0_20170117185805681_00.png,White
496,50_0_0_20170117190140770_00.png,White
497,50_0_0_20170117190559865_00.png,White
498,50_0_0_20170117190657761_00.png,White
499,50_0_0_20170117194216684_00.png,White
500,50_0_0_20170117204826505_00.png,White
501,50_0_0_20170119205549384_00.png,White
502,50_0_0_20170119205551095_00.png,White
503,50_0_0_20170120133257846_00.png,White
504,50_0_0_20170120133622629_00.png,White
505,50_0_0_20170120134018751_00.png,White
506,50_0_0_20170120134101471_00.png,White
507,50_0_0_20170120220716290_00.png,White
508,50_0_0_20170120221409269_00.png,White
509,50_0_0_20170120221455142_00.png,White
510,50_0_0_20170120221659635_00.png,White
511,50_0_0_20170120222013757_00.png,White
512,50_0_0_20170120222217575_00.png,White
513,50_0_0_20170120222230975_00.png,White
514,50_0_0_20170120222246032_00.png,White
515,50_0_0_20170120222254255_00.png,White
516,50_0_0_20170120222405224_00.png,White
517,50_0_0_20170120222416184_00.png,White
518,50_0_0_20170120222743386_00.png,White
519,50_0_0_20170120222745802_00.png,White
520,50_0_0_20170120222751913_00.png,White
521,50_0_0_20170120222755737_00.png,White
522,50_1_0_20170113000711114_00.png,White
523,50_1_0_20170113210319697_00.png,White
524,50_1_0_20170116223837168_00.png,White
525,50_1_0_20170116235501107_00.png,White
526,50_1_0_20170116235636514_00.png,White
527,50_1_0_20170117092157802_00.png,White
528,50_1_0_20170117092638126_00.png,White
529,50_1_0_20170119205606664_00.png,White
530,50_1_0_20170119205609399_00.png,White
531,50_1_0_20170120220951100_00.png,White
532,50_1_0_20170120221635036_00.png,White
533,50_1_0_20170120222640234_00.png,White
534,50_1_0_20170120222828266_00.png,White
535,50_1_0_20170120225451760_00.png,White
536,51_0_0_20170117154738754_00.png,White
537,51_0_0_20170117164559526_00.png,White
538,51_0_0_20170119205617887_00.png,White
539,51_0_0_20170120134243735_00.png,White
540,51_0_0_20170120134516424_00.png,White
541,51_0_0_20170120222842138_00.png,White
542,51_0_0_20170120222851682_00.png,White
543,51_0_0_20170120222858570_00.png,White
544,51_0_0_20170120222902121_00.png,White
545,51_1_0_20170119205632903_00.png,White
546,52_0_0_20170116233057278_00.png,White
547,52_0_0_20170119205635848_00.png,White
548,52_0_0_20170119205643521_00.png,White
549,52_0_0_20170119205653447_00.png,White
550,52_0_0_20170120222227135_00.png,White
551,52_0_0_20170120222910474_00.png,White
552,52_0_0_20170120222912410_00.png,White
553,52_0_0_20170120222918436_00.png,White
554,52_0_0_20170120222924114_00.png,White
555,52_0_0_20170120222938778_00.png,White
556,52_1_0_20170119202531405_00.png,White
557,53_0_0_20170117182542501_00.png,White
558,53_0_0_20170120222602009_00.png,White
559,53_0_0_20170120222602009_01.png,White
560,53_0_0_20170120222602009_02.png,White
561,53_0_0_20170120223001107_00.png,White
562,53_0_0_20170120223024866_00.png,White
563,53_0_0_20170120223117140_00.png,White
564,53_0_0_20170120223125364_00.png,White
565,53_0_0_20170120223131515_00.png,White
566,53_0_0_20170120223133507_00.png,White
567,53_0_0_20170120223138763_00.png,White
568,53_0_0_20170120223141508_00.png,White
569,53_0_0_20170120223144035_00.png,White
570,53_0_0_20170120223145428_00.png,White
571,53_0_0_20170120223146786_00.png,White
572,53_1_0_20170120223149451_00.png,White
573,53_1_0_20170120223207284_00.png,White
574,54_0_0_20170116171216593_00.png,White
575,54_0_0_20170119201455775_00.png,White
576,54_0_0_20170119210009054_00.png,White
577,54_0_0_20170119210011397_00.png,White
578,54_0_0_20170119210031536_00.png,White
579,54_0_0_20170120134341414_00.png,White
580,54_0_0_20170120222512479_00.png,White
581,54_0_0_20170120222607969_00.png,White
582,54_0_0_20170120223234975_00.png,White
583,54_0_0_20170120223241564_00.png,White
584,54_0_0_20170120223243212_00.png,White
585,54_0_0_20170120223246116_00.png,White
586,54_0_0_20170120223256415_00.png,White
587,54_0_0_20170120223258396_00.png,White
588,54_0_0_20170120223258396_01.png,White
589,54_0_0_20170120223314300_00.png,White
590,54_0_0_20170120223316292_00.png,White
591,54_0_0_20170120223347588_00.png,White
592,54_0_0_20170120223348956_00.png,White
593,54_0_0_20170120223350413_00.png,White
594,54_0_0_20170120223352027_00.png,White
595,54_0_0_20170120223353260_00.png,White
596,54_0_0_20170120223356317_00.png,White
597,54_0_0_20170120223421389_00.png,White
598,54_0_0_20170120223520757_00.png,White
599,54_0_0_20170120223525741_00.png,White
600,55_0_0_20170116232628323_00.png,White
601,55_0_0_20170120140655585_00.png,White
602,55_0_0_20170120221314028_00.png,White
603,55_0_0_20170120221314028_01.png,White
604,55_0_0_20170120221341989_00.png,White
605,55_0_0_20170120221404877_00.png,White
606,55_0_0_20170120221653868_00.png,White
607,55_0_0_20170120221712005_00.png,White
608,55_0_0_20170120221715677_00.png,White
609,55_0_0_20170120221851229_00.png,White
610,55_0_0_20170120221856526_00.png,White
611,55_0_0_20170120221936510_00.png,White
612,55_0_0_20170120221936510_01.png,White
613,55_0_0_20170120222221343_00.png,White
614,55_0_0_20170120222234390_00.png,White
615,55_0_0_20170120222352831_00.png,White
616,55_0_0_20170120222359871_00.png,White
617,55_0_0_20170120222438720_00.png,White
618,55_0_0_20170120222449816_00.png,White
619,55_0_0_20170120222656161_00.png,White
620,55_0_0_20170120222934130_00.png,White
621,55_0_0_20170120223706509_00.png,White
622,55_0_0_20170120223714006_00.png,White
623,55_0_0_20170120223715854_00.png,White
624,55_0_0_20170120223717438_00.png,White
625,55_0_0_20170120223727206_00.png,White
626,55_1_0_20170120222035182_00.png,White
627,55_1_0_20170120222833049_00.png,White
628,56_0_0_20170117130657701_00.png,White
629,56_0_0_20170119172238128_00.png,White
630,56_0_0_20170119181226587_00.png,White
631,56_0_0_20170120133932247_00.png,White
632,56_0_0_20170120222521496_00.png,White
633,56_0_0_20170120222849329_00.png,White
634,56_0_0_20170120222907250_00.png,White
635,56_0_0_20170120222916505_00.png,White
636,56_0_0_20170120223014338_00.png,White
637,56_0_0_20170120223128947_00.png,White
638,56_0_0_20170120223807822_00.png,White
639,56_0_0_20170120225933785_00.png,White
640,56_1_0_20170117171814213_00.png,White
641,56_1_0_20170119202536518_00.png,White
642,56_1_0_20170120133230636_00.png,White
643,56_1_0_20170120133251429_00.png,White
644,56_1_0_20170120134758144_00.png,White
645,56_1_0_20170120140341104_00.png,White
646,56_1_0_20170120222048719_00.png,White
647,57_0_0_20170116214453175_00.png,White
648,57_0_0_20170117195457344_00.png,White
649,57_0_0_20170120222949154_00.png,White
650,57_0_0_20170120223908110_00.png,White
651,57_0_0_20170120223915670_00.png,White
652,57_0_0_20170120223915670_01.png,White
653,57_0_0_20170120223918152_00.png,White
654,57_1_0_20170120133336768_00.png,White
655,57_1_0_20170120221057091_00.png,White
656,58_0_0_20170117140820048_00.png,White
657,58_0_0_20170117153829116_00.png,White
658,58_0_0_20170117193911971_00.png,White
659,58_0_0_20170117193919120_00.png,White
660,58_0_0_20170119211727401_00.png,White
661,58_0_0_20170120134510215_00.png,White
662,58_0_0_20170120222516888_00.png,White
663,58_0_0_20170120222805833_00.png,White
664,58_0_0_20170120224018686_00.png,White
665,58_0_0_20170120224028072_00.png,White
666,58_0_0_20170120224549744_00.png,White
667,58_0_0_20170120224551943_00.png,White
668,58_0_0_20170120224554712_00.png,White
669,58_0_0_20170120224601232_00.png,White
670,58_0_0_20170120224603295_00.png,White
671,58_0_0_20170120224606727_00.png,White
672,58_0_0_20170120224608368_00.png,White
673,58_0_0_20170120224609760_00.png,White
674,58_0_0_20170120224611152_00.png,White
675,58_0_0_20170120224625496_00.png,White
676,58_0_0_20170120224627678_00.png,White
677,58_0_0_20170120224629472_00.png,White
678,58_0_0_20170120224650587_00.png,White
679,58_0_0_20170120224656976_00.png,White
680,58_0_0_20170120224706941_00.png,White
681,58_0_0_20170120224709007_00.png,White
682,58_0_0_20170120224926808_00.png,White
683,58_0_0_20170120225226444_00.png,White
684,58_1_0_20170120224803945_00.png,White
685,59_0_0_20170119211444609_00.png,White
686,59_0_0_20170120223101163_00.png,White
687,59_0_0_20170120225040473_00.png,White
688,60_0_0_20170119145422774_00.png,White
689,60_0_0_20170119204301455_00.png,White
690,60_0_0_20170120220406122_00.png,White
691,60_0_0_20170120221103380_00.png,White
692,60_0_0_20170120221518539_00.png,White
693,60_0_0_20170120221705045_00.png,White
694,60_0_0_20170120222250991_00.png,White
695,60_0_0_20170120222339215_00.png,White
696,60_0_0_20170120222420751_00.png,White
697,60_0_0_20170120223043268_00.png,White
698,60_0_0_20170120223110723_00.png,White
699,60_0_0_20170120223121330_00.png,White
700,60_0_0_20170120223345579_00.png,White
701,60_0_0_20170120223409123_00.png,White
702,60_0_0_20170120225049193_00.png,White
703,60_1_0_20170117130514218_00.png,White
704,60_1_0_20170117153656364_00.png,White
705,60_1_0_20170117155925896_00.png,White
706,60_1_0_20170117163645241_00.png,White
707,60_1_0_20170119152445591_00.png,White
708,60_1_0_20170120220611834_00.png,White
709,60_1_0_20170120221739950_00.png,White
710,60_1_0_20170120222309441_00.png,White
711,61_0_0_20170113185438888_00.png,White
712,61_0_0_20170113185456409_00.png,White
713,61_0_0_20170113210126560_00.png,White
714,61_0_0_20170113210126560_01.png,White
715,61_0_0_20170116235403701_00.png,White
716,61_0_0_20170117174441717_00.png,White
717,61_0_0_20170117174443309_00.png,White
718,61_0_0_20170117174451974_00.png,White
719,61_0_0_20170117174613406_00.png,White
720,61_0_0_20170117174635328_00.png,White
721,61_0_0_20170117174636574_00.png,White
722,61_0_0_20170117174637422_00.png,White
723,61_0_0_20170117185746790_00.png,White
724,61_0_0_20170117192025774_00.png,White
725,61_0_0_20170117192033956_00.png,White
726,61_0_0_20170117192036844_00.png,White
727,61_0_0_20170117192038683_00.png,White
728,61_0_0_20170117192040332_00.png,White
729,61_0_0_20170117192042278_00.png,White
730,61_0_0_20170117192049580_00.png,White
731,61_0_0_20170117192056602_00.png,White
732,61_0_0_20170117192103475_00.png,White
733,61_0_0_20170117193447568_00.png,White
734,61_0_0_20170117194409073_00.png,White
735,61_0_0_20170117194413929_00.png,White
736,61_0_0_20170120225132849_00.png,White
737,61_0_0_20170120225135009_00.png,White
738,61_0_0_20170120225137492_00.png,White
739,61_0_0_20170120225152569_00.png,White
740,61_0_0_20170120225230386_00.png,White
741,61_0_0_20170120225505530_00.png,White
742,61_1_0_20170113013135239_00.png,White
743,61_1_0_20170117001346239_00.png,White
744,61_1_0_20170117174551886_00.png,White
745,61_1_0_20170117174639693_00.png,White
746,61_1_0_20170117174758733_00.png,White
747,61_1_0_20170117175115575_00.png,White
748,61_1_0_20170117175120965_00.png,White
749,61_1_0_20170117175122341_00.png,White
750,61_1_0_20170117192059259_00.png,White
751,61_1_0_20170117192157499_00.png,White
752,61_1_0_20170117192159555_00.png,White
753,61_1_0_20170117192206514_00.png,White
754,61_1_0_20170117204812272_00.png,White
755,61_1_0_20170120134639935_00.png,White
756,61_1_0_20170120225333848_00.png,White
757,62_0_0_20170112222131322_00.png,White
758,62_0_0_20170113185402879_00.png,White
759,62_0_0_20170117154834952_00.png,White
760,62_0_0_20170117172611801_00.png,White
761,62_0_0_20170117192208082_00.png,White
762,62_0_0_20170117192210458_00.png,White
763,62_0_0_20170120134041527_00.png,White
764,62_0_0_20170120134411415_00.png,White
765,62_0_0_20170120223836366_00.png,White
766,62_0_0_20170120223929774_00.png,White
767,62_0_0_20170120224623104_00.png,White
768,62_0_0_20170120224648431_00.png,White
769,62_1_0_20170116184028385_00.png,White
770,63_0_0_20170113142516276_00.png,White
771,63_0_0_20170113185508976_00.png,White
772,63_0_0_20170113210318902_00.png,White
773,63_0_0_20170113210319759_00.png,White
774,63_0_0_20170113210319817_00.png,White
775,63_0_0_20170113210319862_00.png,White
776,63_0_0_20170117161116206_00.png,White
777,63_0_0_20170117163624442_00.png,White
778,63_0_0_20170117190939866_00.png,White
779,63_0_0_20170117192212370_00.png,White
780,63_0_0_20170117192213796_00.png,White
781,63_0_0_20170117194911622_00.png,White
782,63_0_0_20170117194914689_00.png,White
783,63_0_0_20170117195020915_00.png,White
784,63_0_0_20170117195022504_00.png,White
785,63_0_0_20170117195024577_00.png,White
786,63_0_0_20170117195107740_00.png,White
787,63_0_0_20170120223104851_00.png,White
788,63_0_0_20170120223438029_00.png,White
789,63_0_0_20170120225657034_00.png,White
790,63_0_0_20170120225659313_00.png,White
791,63_0_0_20170120225701457_00.png,White
792,63_0_0_20170120225708577_00.png,White
793,63_0_0_20170120225710313_00.png,White
794,63_1_0_20170117163639729_00.png,White
795,63_1_0_20170117175251077_00.png,White
796,63_1_0_20170117175354308_00.png,White
797,63_1_0_20170117175356028_00.png,White
798,63_1_0_20170117195028219_00.png,White
799,63_1_0_20170117204830488_00.png,White
800,63_1_0_20170120224812560_00.png,White
801,64_0_0_20170117155540137_00.png,White
802,64_0_0_20170117155544840_00.png,White
803,64_0_0_20170117164559526_00.png,White
804,64_0_0_20170117194627251_00.png,White
805,64_0_0_20170120222811411_00.png,White
806,64_0_0_20170120222952994_00.png,White
807,64_0_0_20170120223401173_00.png,White
808,64_0_0_20170120223405252_00.png,White
809,64_0_0_20170120224704201_00.png,White
810,64_1_0_20170120223621126_00.png,White
811,65_0_0_20170112205749338_00.png,White
812,65_0_0_20170113185234983_00.png,White
813,65_0_0_20170116224819158_00.png,White
814,65_0_0_20170117134804749_00.png,White
815,65_0_0_20170117153706996_00.png,White
816,65_0_0_20170117160554095_00.png,White
817,65_0_0_20170117160712302_00.png,White
818,65_0_0_20170117161049678_00.png,White
819,65_0_0_20170117162802627_00.png,White
820,65_0_0_20170117162825204_00.png,White
821,65_0_0_20170117162833004_00.png,White
822,65_0_0_20170117162843250_00.png,White
823,65_0_0_20170117162848739_00.png,White
824,65_0_0_20170117162857355_00.png,White
825,65_0_0_20170117162901325_00.png,White
826,65_0_0_20170117163540466_00.png,White
827,65_0_0_20170117163738348_00.png,White
828,65_0_0_20170117171038979_00.png,White
829,65_0_0_20170117171054325_00.png,White
830,65_0_0_20170117171101388_00.png,White
831,65_0_0_20170117171106484_00.png,White
832,65_0_0_20170117171238997_00.png,White
833,65_0_0_20170117171434763_00.png,White
834,65_0_0_20170117171451971_00.png,White
835,65_0_0_20170117171619354_00.png,White
836,65_0_0_20170117171624306_00.png,White
837,65_0_0_20170117172111769_00.png,White
838,65_0_0_20170117172625586_00.png,White
839,65_0_0_20170117172707792_00.png,White
840,65_0_0_20170117172713976_00.png,White
841,65_0_0_20170117185953586_00.png,White
842,65_0_0_20170117191819572_00.png,White
843,65_0_0_20170117191819572_01.png,White
844,65_0_0_20170117191827251_00.png,White
845,65_0_0_20170117204225231_00.png,White
846,65_0_0_20170117204724913_00.png,White
847,65_0_0_20170120221357579_00.png,White
848,65_0_0_20170120221835349_00.png,White
849,65_0_0_20170120221840421_00.png,White
850,65_0_0_20170120222348112_00.png,White
851,65_0_0_20170120222749697_00.png,White
852,65_0_0_20170120222816177_00.png,White
853,65_0_0_20170120223009912_00.png,White
854,65_0_0_20170120223054947_00.png,White
855,65_0_0_20170120223336620_00.png,White
856,65_0_0_20170120223704629_00.png,White
857,65_0_0_20170120223720869_00.png,White
858,65_0_0_20170120223818389_00.png,White
859,65_0_0_20170120224023991_00.png,White
860,65_0_0_20170120224637535_00.png,White
861,65_0_0_20170120224744943_00.png,White
862,65_0_0_20170120225159632_00.png,White
863,65_0_0_20170120225216335_00.png,White
864,65_1_0_20170116220142214_00.png,White
865,65_1_0_20170117171643563_00.png,White
866,65_1_0_20170117172124978_00.png,White
867,65_1_0_20170117173004744_00.png,White
868,65_1_0_20170117173915503_00.png,White
869,65_1_0_20170117190355010_00.png,White
870,65_1_0_20170120133545325_00.png,White
871,65_1_0_20170120133545325_01.png,White
872,65_1_0_20170120222039350_00.png,White
873,65_1_0_20170120223955918_00.png,White
874,65_1_0_20170120224801168_00.png,White
875,65_1_0_20170120225024135_00.png,White
876,65_1_0_20170120225123328_00.png,White
877,66_0_0_20170116233247357_00.png,White
878,66_0_0_20170117175358556_00.png,White
879,66_0_0_20170117191832603_00.png,White
880,66_0_0_20170120225917395_00.png,White
881,66_0_0_20170120225919754_00.png,White
882,66_0_0_20170120225927930_00.png,White
883,66_1_0_20170117091537933_00.png,White
884,66_1_0_20170117175408412_00.png,White
885,67_0_0_20170113185521375_00.png,White
886,67_0_0_20170113185523838_00.png,White
887,67_0_0_20170117163339177_00.png,White
888,67_0_0_20170117192237235_00.png,White
889,67_0_0_20170117195143525_00.png,White
890,67_0_0_20170117204838537_00.png,White
891,67_0_0_20170120223037554_00.png,White
892,67_0_0_20170120223724366_00.png,White
893,67_0_0_20170120224529039_00.png,White
894,67_0_0_20170120224536320_00.png,White
895,67_0_0_20170120224558687_00.png,White
896,67_0_0_20170120224822464_00.png,White
897,67_0_0_20170120225129440_00.png,White
898,67_0_0_20170120225145905_00.png,White
899,67_0_0_20170120225206184_00.png,White
900,67_0_0_20170120225706103_00.png,White
901,67_0_0_20170120225722729_00.png,White
902,67_0_0_20170120230048298_00.png,White
903,67_0_0_20170120230050170_00.png,White
904,67_1_0_20170120223746014_00.png,White
905,67_1_0_20170120223746014_01.png,White
906,67_1_0_20170120224807800_00.png,White
907,67_1_0_20170120224818072_00.png,White
908,67_1_0_20170120225003182_00.png,White
909,68_0_0_20170113185525480_00.png,White
910,68_0_0_20170117171135900_00.png,White
911,68_0_0_20170117171408597_00.png,White
912,68_0_0_20170117171825450_00.png,White
913,68_0_0_20170117172347609_00.png,White
914,68_0_0_20170117172618723_00.png,White
915,68_0_0_20170117172643040_00.png,White
916,68_0_0_20170117172721512_00.png,White
917,68_0_0_20170117172835921_00.png,White
918,68_0_0_20170117172902192_00.png,White
919,68_0_0_20170117172924008_00.png,White
920,68_0_0_20170117172938504_00.png,White
921,68_0_0_20170117174131505_00.png,White
922,68_0_0_20170117184556032_00.png,White
923,68_0_0_20170119212026025_00.png,White
924,68_0_0_20170120224541303_00.png,White
925,68_1_0_20170113210319664_00.png,White
926,68_1_0_20170120224936648_00.png,White
927,69_0_0_20170117172119964_00.png,White
928,69_0_0_20170117185705145_00.png,White
929,69_1_0_20170117192247404_00.png,White
930,70_0_0_20170116213553686_00.png,White
931,70_0_0_20170116221027092_00.png,White
932,70_0_0_20170117091026248_00.png,White
933,70_0_0_20170117155935122_00.png,White
934,70_0_0_20170117160343399_00.png,White
935,70_0_0_20170117160355895_00.png,White
936,70_0_0_20170117171117703_00.png,White
937,70_0_0_20170117171248579_00.png,White
938,70_0_0_20170117171634067_00.png,White
939,70_0_0_20170117172220586_00.png,White
940,70_0_0_20170117172631161_00.png,White
941,70_0_0_20170117172840833_00.png,White
942,70_0_0_20170117172906417_00.png,White
943,70_0_0_20170117173225496_00.png,White
944,70_0_0_20170117173242519_00.png,White
945,70_0_0_20170117173632929_00.png,White
946,70_0_0_20170117173644159_00.png,White
947,70_0_0_20170117173652480_00.png,White
948,70_0_0_20170117173655936_00.png,White
949,70_0_0_20170117173727535_00.png,White
950,70_0_0_20170117173731439_00.png,White
951,70_0_0_20170117173907575_00.png,White
952,70_0_0_20170117173910928_00.png,White
953,70_0_0_20170117174556670_00.png,White
954,70_0_0_20170117174648902_00.png,White
955,70_0_0_20170117174803325_00.png,White
956,70_0_0_20170117174841157_00.png,White
957,70_0_0_20170117174910845_00.png,White
958,70_0_0_20170117175004342_00.png,White
959,70_0_0_20170117175502596_00.png,White
960,70_0_0_20170117190327764_00.png,White
961,70_0_0_20170119205821287_00.png,White
962,70_0_0_20170120221807750_00.png,White
963,70_0_0_20170120221807750_01.png,White
964,70_0_0_20170120221817960_00.png,White
965,70_0_0_20170120222043358_00.png,White
966,70_0_0_20170120222625010_00.png,White
967,70_0_0_20170120223159907_00.png,White
968,70_0_0_20170120223312220_00.png,White
969,70_0_0_20170120223341037_00.png,White
970,70_0_0_20170120225631818_00.png,White
971,70_1_0_20170113003731381_00.png,White
972,70_1_0_20170117155916072_00.png,White
973,70_1_0_20170117163559185_00.png,White
974,70_1_0_20170117172444338_00.png,White
975,70_1_0_20170117175349979_00.png,White
976,70_1_0_20170117175535700_00.png,White
977,70_1_0_20170120133535645_00.png,White
978,70_1_0_20170120134300289_00.png,White
979,70_1_0_20170120220622170_00.png,White
980,70_1_0_20170120221601317_00.png,White
981,70_1_0_20170120221625677_00.png,White
982,70_1_0_20170120222024102_00.png,White
983,70_1_0_20170120222630481_00.png,White
984,70_1_0_20170120223616646_00.png,White
985,70_1_0_20170120223657854_00.png,White
986,71_0_0_20170116232642012_00.png,White
987,71_0_0_20170120225501322_00.png,White
988,71_0_0_20170120225641832_00.png,White
989,71_0_0_20170120225652609_00.png,White
990,71_1_0_20170117194649889_00.png,White
991,72_0_0_20170113185248248_00.png,White
992,72_0_0_20170117171003724_00.png,White
993,72_0_0_20170120225150033_00.png,White
994,72_0_0_20170120225636180_00.png,White
995,72_1_0_20170120223859838_00.png,White
996,72_1_0_20170120224942952_00.png,White
997,73_0_0_20170116221650300_00.png,White
998,73_0_0_20170117192346540_00.png,White
999,73_0_0_20170117195327991_00.png,White
1000,73_0_0_20170117204851351_00.png,White
1001,73_0_0_20170120224040208_00.png,White
1002,73_0_0_20170120225937921_00.png,White
1003,73_0_0_20170120230233019_00.png,White
1004,73_0_0_20170120230235659_00.png,White
1005,73_0_0_20170120230238642_00.png,White
1006,73_1_0_20170117175559419_00.png,White
1007,73_1_0_20170120223851022_00.png,White
1008,73_1_0_20170120225339921_00.png,White
1009,73_1_0_20170120230000346_00.png,White
1010,73_1_0_20170120230208857_00.png,White
1011,73_1_0_20170120230333507_00.png,White
1012,73_1_0_20170120230335947_00.png,White
1013,73_1_0_20170120230408787_00.png,White
1014,73_1_0_20170120230411820_00.png,White
1015,73_1_0_20170120230425625_00.png,White
1016,74_0_0_20170116232642012_00.png,White
1017,74_0_0_20170120224009436_00.png,White
1018,74_0_0_20170120225103496_00.png,White
1019,74_0_0_20170120225142161_00.png,White
1020,74_0_0_20170120225236353_00.png,White
1021,74_0_0_20170120225714392_00.png,White
1022,74_0_0_20170120230055728_00.png,White
1023,74_1_0_20170117171813979_00.png,White
1024,74_1_0_20170120223651118_00.png,White
1025,74_1_0_20170120224735993_00.png,White
1026,74_1_0_20170120224932730_00.png,White
1027,74_1_0_20170120225056705_00.png,White
1028,74_1_0_20170120225441633_00.png,White
1029,75_0_0_20170112222108897_00.png,White
1030,75_0_0_20170112224041371_00.png,White
1031,75_0_0_20170113185416591_00.png,White
1032,75_0_0_20170116233015609_00.png,White
1033,75_0_0_20170117163552393_00.png,White
1034,75_0_0_20170117171021853_00.png,White
1035,75_0_0_20170117172928993_00.png,White
1036,75_0_0_20170117173011522_00.png,White
1037,75_0_0_20170117173746334_00.png,White
1038,75_0_0_20170117174423110_00.png,White
1039,75_0_0_20170117174511134_00.png,White
1040,75_0_0_20170117174632541_00.png,White
1041,75_0_0_20170117174808021_00.png,White
1042,75_0_0_20170117174833509_00.png,White
1043,75_0_0_20170117174918045_00.png,White
1044,75_0_0_20170117175212732_00.png,White
1045,75_0_0_20170117191812939_00.png,White
1046,75_0_0_20170117192054194_00.png,White
1047,75_0_0_20170117192218987_00.png,White
1048,75_0_0_20170117192228563_00.png,White
1049,75_0_0_20170117192234922_00.png,White
1050,75_0_0_20170117204739711_00.png,White
1051,75_0_0_20170120224003940_00.png,White
1052,75_0_0_20170120225925506_00.png,White
1053,75_1_0_20170120221925550_00.png,White
1054,75_1_0_20170120221956669_00.png,White
1055,75_1_0_20170120222715178_00.png,White
1056,75_1_0_20170120225350768_00.png,White
1057,75_1_0_20170120225456154_00.png,White
1058,75_1_0_20170120225821626_00.png,White
1059,75_1_0_20170120230123756_00.png,White
1060,75_1_0_20170120230326690_00.png,White
1061,76_0_0_20170116233204210_00.png,White
1062,76_0_0_20170120223813862_00.png,White
1063,76_0_0_20170120224044694_00.png,White
1064,76_1_0_20170112204943874_00.png,White
1065,76_1_0_20170120140118089_00.png,White
1066,76_1_0_20170120225354841_00.png,White
1067,76_1_0_20170120225951434_00.png,White
1068,77_0_0_20170113210319811_00.png,White
1069,77_1_0_20170113002117891_00.png,White
1070,77_1_0_20170120221930573_00.png,White
1071,78_0_0_20170112224707532_00.png,White
1072,78_0_0_20170116233355259_00.png,White
1073,78_0_0_20170117184536534_00.png,White
1074,78_0_0_20170120140748041_00.png,White
1075,78_0_0_20170120223021915_00.png,White
1076,78_0_0_20170120224525249_00.png,White
1077,78_0_0_20170120225240993_00.png,White
1078,78_0_0_20170120225718369_00.png,White
1079,78_0_0_20170120230506347_00.png,White
1080,78_1_0_20170120140110282_00.png,White
1081,78_1_0_20170120140748041_00.png,White
1082,78_1_0_20170120223855310_00.png,White
1083,78_1_0_20170120224727472_00.png,White
1084,78_1_0_20170120225556721_00.png,White
1085,78_1_0_20170120230348881_00.png,White
1086,78_1_0_20170120230432160_00.png,White
1087,78_1_0_20170120230523930_00.png,White
1088,78_1_0_20170120230525666_00.png,White
1089,79_1_0_20170120225601889_00.png,White
1090,79_1_0_20170120225803298_00.png,White
1091,79_1_0_20170120225812145_00.png,White
1092,79_1_0_20170120225840978_00.png,White
1093,80_0_0_20170117172944233_00.png,White
1094,80_0_0_20170117172958840_00.png,White
1095,80_0_0_20170117173059810_00.png,White
1096,80_0_0_20170117173307368_00.png,White
1097,80_0_0_20170117173616376_00.png,White
1098,80_0_0_20170117173628559_00.png,White
1099,80_0_0_20170117173759783_00.png,White
1100,80_0_0_20170117173848607_00.png,White
1101,80_0_0_20170117173919384_00.png,White
1102,80_0_0_20170117174413373_00.png,White
1103,80_0_0_20170117174418358_00.png,White
1104,80_0_0_20170117174434118_00.png,White
1105,80_0_0_20170117174524277_00.png,White
1106,80_0_0_20170117174600725_00.png,White
1107,80_0_0_20170117174755679_00.png,White
1108,80_0_0_20170117174905374_00.png,White
1109,80_0_0_20170117175134292_00.png,White
1110,80_0_0_20170117175148148_00.png,White
1111,80_0_0_20170117175248197_00.png,White
1112,80_0_0_20170117175258116_00.png,White
1113,80_0_0_20170117175301125_00.png,White
1114,80_0_0_20170117175507859_00.png,White
1115,80_0_0_20170117175515838_00.png,White
1116,80_0_0_20170117175522915_00.png,White
1117,80_0_0_20170117175542908_00.png,White
1118,80_0_0_20170117175546325_00.png,White
1119,80_0_0_20170117204632601_00.png,White
1120,80_0_0_20170119204109399_00.png,White
1121,80_0_0_20170120223453237_00.png,White
1122,80_0_0_20170120225045833_00.png,White
1123,80_1_0_20170117155129695_00.png,White
1124,80_1_0_20170117175421676_00.png,White
1125,80_1_0_20170117175552763_00.png,White
1126,80_1_0_20170117175604677_00.png,White
1127,80_1_0_20170117175612764_00.png,White
1128,80_1_0_20170120221022764_00.png,White
1129,80_1_0_20170120222028750_00.png,White
1130,80_1_0_20170120222314991_00.png,White
1131,80_1_0_20170120223534893_00.png,White
1132,81_0_0_20170117091321806_00.png,White
1133,81_1_0_20170120134927295_00.png,White
1134,81_1_0_20170120224920120_00.png,White
1135,81_1_0_20170120224959056_00.png,White
1136,81_1_0_20170120225516057_00.png,White
1137,81_1_0_20170120225836610_00.png,White
1138,81_1_0_20170120230502538_00.png,White
1139,81_1_0_20170120230530059_00.png,White
1140,81_1_0_20170120230532540_00.png,White
1141,81_1_0_20170120230534443_00.png,White
1142,81_1_0_20170120230536155_00.png,White
1143,82_0_0_20170113184939024_00.png,White
1144,82_1_0_20170120133752406_00.png,White
1145,82_1_0_20170120134927295_00.png,White
1146,82_1_0_20170120225739329_00.png,White
1147,83_0_0_20170117195413882_00.png,White
1148,83_0_0_20170120225615281_00.png,White
1149,83_0_0_20170120230512130_00.png,White
1150,83_1_0_20170120224721561_00.png,White
1151,83_1_0_20170120225627516_00.png,White
1152,83_1_0_20170120225955850_00.png,White
1153,83_1_0_20170120230224530_00.png,White
1154,83_1_0_20170120230355596_00.png,White
1155,83_1_0_20170120230456826_00.png,White
1156,84_1_0_20170120222457967_00.png,White
1157,84_1_0_20170120223155060_00.png,White
1158,84_1_0_20170120223609069_00.png,White
1159,84_1_0_20170120223843966_00.png,White
1160,84_1_0_20170120225014112_00.png,White
1161,84_1_0_20170120225434057_00.png,White
1162,84_1_0_20170120225816538_00.png,White
1163,84_1_0_20170120225859818_00.png,White
1164,84_1_0_20170120225946337_00.png,White
1165,84_1_0_20170120230246475_00.png,White
1166,84_1_0_20170120230257434_00.png,White
1167,84_1_0_20170120230440130_00.png,White
1168,84_1_0_20170120230452282_00.png,White
1169,85_0_0_20170112224320554_00.png,White
1170,85_0_0_20170117174438038_00.png,White
1171,85_0_0_20170117174447526_00.png,White
1172,85_0_0_20170117175305485_00.png,White
1173,85_0_0_20170117175403892_00.png,White
1174,85_0_0_20170117192351268_00.png,White
1175,85_0_0_20170120221827893_00.png,White
1176,85_0_0_20170120224751080_00.png,White
1177,85_1_0_20170120221906501_00.png,White
1178,85_1_0_20170120222635457_00.png,White
1179,85_1_0_20170120223641413_00.png,White
1180,85_1_0_20170120225733929_00.png,White
1181,85_1_0_20170120225904889_00.png,White
1182,85_1_0_20170120230251394_00.png,White
1183,85_1_0_20170120230302610_00.png,White
1184,85_1_0_20170120230406643_00.png,White
1185,86_0_0_20170120225623186_00.png,White
1186,86_1_0_20170120134855602_00.png,White
1187,86_1_0_20170120225525242_00.png,White
1188,86_1_0_20170120225751953_00.png,White
1189,87_0_0_20170120230518577_00.png,White
1190,87_1_0_20170120225808097_00.png,White
1191,87_1_0_20170120230110328_00.png,White
1192,88_0_0_20170113185121024_00.png,White
1193,88_0_0_20170113185429450_00.png,White
1194,88_0_0_20170120230341067_00.png,White
1195,88_1_0_20170120133811095_00.png,White
1196,88_1_0_20170120134913783_00.png,White
1197,88_1_0_20170120140102078_00.png,White
1198,88_1_0_20170120225747122_00.png,White
1199,88_1_0_20170120230153314_00.png,White
1200,88_1_0_20170120230317497_00.png,White
1201,88_1_0_20170120230330380_00.png,White
1202,88_1_0_20170120230401803_00.png,White
1203,89_1_0_20170120134913783_00.png,White
1204,89_1_0_20170120221950480_00.png,White
1205,89_1_0_20170120223754333_00.png,White
1206,89_1_0_20170120225533673_00.png,White
1207,89_1_0_20170120225539994_00.png,White
1208,89_1_0_20170120230308115_00.png,White
1209,89_1_0_20170120230445570_00.png,White
1210,90_0_0_20170117174931541_00.png,White
1211,90_0_0_20170117174936333_00.png,White
1212,90_0_0_20170117175416532_00.png,White
1213,90_0_0_20170117175429276_00.png,White
1214,90_0_0_20170117175511939_00.png,White
1215,90_0_0_20170120222443834_00.png,White
1216,90_0_0_20170120230038954_00.png,White
1217,90_1_0_20170117175312742_00.png,White
1218,90_1_0_20170120140047472_00.png,White
1219,90_1_0_20170120221550509_00.png,White
1220,90_1_0_20170120224954568_00.png,White
1221,90_1_0_20170120225317689_00.png,White
1222,90_1_0_20170120225510266_00.png,White
1223,90_1_0_20170120225831522_00.png,White
1224,90_1_0_20170120230204074_00.png,White
1225,90_1_0_20170120230312163_00.png,White
1226,93_1_0_20170120225257592_00.png,White
1227,93_1_0_20170120225304313_00.png,White
1228,95_1_0_20170117174948948_00.png,White
1229,95_1_0_20170120140026048_00.png,White
1230,95_1_0_20170120230149594_00.png,White
1231,95_1_0_20170120230322267_00.png,White
1232,99_0_0_20170117195137161_00.png,White
1233,99_1_0_20170113013141679_00.png,White
1234,99_1_0_20170120221920654_00.png,White
1235,10_0_1_20170116225209209_00.png,Black
1236,10_1_1_20170116225209209_00.png,Black
1237,14_0_1_20170116205011065_00.png,Black
1238,15_0_1_20170120134502877_00.png,Black
1239,15_1_1_20170116000638538_00.png,Black
1240,15_1_1_20170116164052068_00.png,Black
1241,16_0_1_20170116161243731_00.png,Black
1242,16_0_1_20170116214205175_00.png,Black
1243,16_0_1_20170120134502877_00.png,Black
1244,17_0_1_20170116205618568_00.png,Black
1245,18_0_1_20170120134900190_00.png,Black
1246,18_1_1_20170116164854853_00.png,Black
1247,20_0_1_20170116010734667_00.png,Black
1248,20_0_1_20170120134900190_00.png,Black
1249,20_1_1_20170116003433569_00.png,Black
1250,20_1_1_20170116162433766_00.png,Black
1251,20_1_1_20170116164052068_00.png,Black
1252,20_1_1_20170116215855605_00.png,Black
1253,21_0_1_20170115231442487_00.png,Black
1254,21_0_1_20170116010312874_00.png,Black
1255,21_0_1_20170116214205175_00.png,Black
1256,21_0_1_20170120133302908_00.png,Black
1257,21_0_1_20170120133601830_00.png,Black
1258,21_1_1_20170116020956813_00.png,Black
1259,21_1_1_20170116175832136_00.png,Black
1260,21_1_1_20170116214444631_00.png,Black
1261,21_1_1_20170116215855605_00.png,Black
1262,21_1_1_20170116233611534_00.png,Black
1263,21_1_1_20170117154222282_00.png,Black
1264,22_0_1_20170116144518064_00.png,Black
1265,22_0_1_20170117020724763_00.png,Black
1266,22_1_1_20170116000638538_00.png,Black
1267,22_1_1_20170116162315750_00.png,Black
1268,22_1_1_20170116162315750_01.png,Black
1269,22_1_1_20170116175817144_00.png,Black
1270,22_1_1_20170119163338637_00.png,Black
1271,23_0_1_20170115231442487_00.png,Black
1272,23_0_1_20170116010954423_00.png,Black
1273,23_0_1_20170117164527169_00.png,Black
1274,23_0_1_20170120133824503_00.png,Black
1275,23_1_1_20170117195235676_00.png,Black
1276,24_0_1_20170115231442487_00.png,Black
1277,24_0_1_20170116000638538_00.png,Black
1278,24_0_1_20170116002302626_00.png,Black
1279,24_0_1_20170116003017226_00.png,Black
1280,24_0_1_20170116010734667_00.png,Black
1281,24_0_1_20170116193001978_00.png,Black
1282,24_0_1_20170116220224657 _00.png,Black
1283,24_0_1_20170120133915911_00.png,Black
1284,24_1_1_20170115235433094_00.png,Black
1285,24_1_1_20170116021741900_00.png,Black
1286,24_1_1_20170116022047558_00.png,Black
1287,24_1_1_20170116153804572_00.png,Black
1288,24_1_1_20170116162121188_00.png,Black
1289,24_1_1_20170116164334832_00.png,Black
1290,24_1_1_20170116224913775_00.png,Black
1291,24_1_1_20170116225255798_00.png,Black
1292,25_0_1_20170116001049632_00.png,Black
1293,25_0_1_20170116002302626_00.png,Black
1294,25_0_1_20170116003017226_00.png,Black
1295,25_0_1_20170116003121821_00.png,Black
1296,25_0_1_20170116025959945_00.png,Black
1297,25_0_1_20170116205628998_00.png,Black
1298,25_0_1_20170116220224657_00.png,Black
1299,25_0_1_20170117165420219_00.png,Black
1300,25_1_1_20170116162433766_00.png,Black
1301,25_1_1_20170117010028966_00.png,Black
1302,26_0_1_20170116010520961_00.png,Black
1303,26_0_1_20170116010639525_00.png,Black
1304,26_0_1_20170116010920708_00.png,Black
1305,26_0_1_20170116143037391_00.png,Black
1306,26_0_1_20170116193157590_00.png,Black
1307,26_0_1_20170116214444631_00.png,Black
1308,26_0_1_20170116220218880_00.png,Black
1309,26_0_1_20170116220224657_00.png,Black
1310,26_0_1_20170116221022120_00.png,Black
1311,26_0_1_20170116221029791_00.png,Black
1312,26_0_1_20170116233450112_00.png,Black
1313,26_0_1_20170116235506865_00.png,Black
1314,26_0_1_20170120134513055_00.png,Black
1315,26_0_1_20170120134608943_00.png,Black
1316,26_0_1_20170120140251905_00.png,Black
1317,26_1_1_20170116022038426_00.png,Black
1318,26_1_1_20170116023936147_00.png,Black
1319,26_1_1_20170116024021365_00.png,Black
1320,26_1_1_20170116162426080_00.png,Black
1321,26_1_1_20170116162448538_00.png,Black
1322,26_1_1_20170116171855347_00.png,Black
1323,26_1_1_20170116203803077_00.png,Black
1324,26_1_1_20170116223115624_00.png,Black
1325,26_1_1_20170116225222631_00.png,Black
1326,26_1_1_20170117163837655_00.png,Black
1327,26_1_1_20170119175543626_00.png,Black
1328,27_0_1_20170116001246691_00.png,Black
1329,27_0_1_20170116002826357_00.png,Black
1330,27_0_1_20170116010418660_00.png,Black
1331,27_0_1_20170116024006905_00.png,Black
1332,27_0_1_20170116194835214_00.png,Black
1333,27_0_1_20170117194133909_00.png,Black
1334,27_0_1_20170119193355931_00.png,Black
1335,27_0_1_20170120133818199_00.png,Black
1336,27_0_1_20170120220051617_00.png,Black
1337,27_1_1_20170116022001556_00.png,Black
1338,27_1_1_20170116162433766_00.png,Black
1339,27_1_1_20170117000109588_00.png,Black
1340,27_1_1_20170119153000146_00.png,Black
1341,28_0_1_20170116002343175_00.png,Black
1342,28_0_1_20170116010545437_00.png,Black
1343,28_0_1_20170116202028662_00.png,Black
1344,28_0_1_20170116205618568_00.png,Black
1345,28_0_1_20170117015458481_00.png,Black
1346,28_0_1_20170117022120994_00.png,Black
1347,28_0_1_20170117123923204_00.png,Black
1348,28_0_1_20170120220341425_00.png,Black
1349,28_1_1_20170116023923708_00.png,Black
1350,28_1_1_20170116171301974_00.png,Black
1351,28_1_1_20170116223115624_00.png,Black
1352,28_1_1_20170116231107181_00.png,Black
1353,28_1_1_20170116231836061_00.png,Black
1354,28_1_1_20170116234442332_00.png,Black
1355,29_0_1_20170117015458481_00.png,Black
1356,29_0_1_20170117022120994_00.png,Black
1357,29_0_1_20170117135753077_00.png,Black
1358,29_1_1_20170115235328452_00.png,Black
1359,29_1_1_20170116010545437_00.png,Black
1360,29_1_1_20170116195846538_00.png,Black
1361,29_1_1_20170120134001948_00.png,Black
1362,30_0_1_20170117130551448_00.png,Black
1363,30_0_1_20170120220639355_00.png,Black
1364,30_1_1_20170115235416290_00.png,Black
1365,30_1_1_20170115235416290_01.png,Black
1366,30_1_1_20170116021054972_00.png,Black
1367,31_0_1_20170116010511938_00.png,Black
1368,31_0_1_20170116010634833_00.png,Black
1369,31_0_1_20170116024000066_00.png,Black
1370,31_0_1_20170116024715934_00.png,Black
1371,31_0_1_20170116142922375_00.png,Black
1372,31_0_1_20170116160725854_00.png,Black
1373,31_0_1_20170116165733463_00.png,Black
1374,31_0_1_20170116203409947_00.png,Black
1375,31_0_1_20170116203947826_00.png,Black
1376,31_0_1_20170117130014250_00.png,Black
1377,31_0_1_20170117165741027_00.png,Black
1378,31_1_1_20170116001235141_00.png,Black
1379,31_1_1_20170116024050198_00.png,Black
1380,31_1_1_20170116170844389_00.png,Black
1381,31_1_1_20170116234711144_00.png,Black
1382,32_0_1_20170117020356727_00.png,Black
1383,32_0_1_20170120220852396_00.png,Black
1384,32_1_1_20170115235516131_00.png,Black
1385,32_1_1_20170116025959945_00.png,Black
1386,32_1_1_20170120220526706_00.png,Black
1387,33_0_1_20170116192517064_00.png,Black
1388,33_0_1_20170116215201422_00.png,Black
1389,33_1_1_20170116024837534_00.png,Black
1390,33_1_1_20170116215201422_00.png,Black
1391,34_0_1_20170116164815094_00.png,Black
1392,34_0_1_20170117141132710_00.png,Black
1393,34_1_1_20170116010920708_00.png,Black
1394,34_1_1_20170116164815094_00.png,Black
1395,34_1_1_20170116224143264_00.png,Black
1396,35_0_1_20170116010938697_00.png,Black
1397,35_0_1_20170116022038426_00.png,Black
1398,35_0_1_20170117005850627_00.png,Black
1399,35_0_1_20170119210017858_00.png,Black
1400,35_0_1_20170120220430826_00.png,Black
1401,35_1_1_20170112191127473_00.png,Black
1402,35_1_1_20170112191352903_00.png,Black
1403,35_1_1_20170112203826226_00.png,Black
1404,35_1_1_20170112204427427_00.png,Black
1405,35_1_1_20170112204654001_00.png,Black
1406,35_1_1_20170112205159460_00.png,Black
1407,35_1_1_20170112210403180_00.png,Black
1408,35_1_1_20170112211404045_00.png,Black
1409,35_1_1_20170112211524197_00.png,Black
1410,35_1_1_20170112211938516_00.png,Black
1411,35_1_1_20170112213029215_00.png,Black
1412,35_1_1_20170112213036050_00.png,Black
1413,35_1_1_20170112213143485_00.png,Black
1414,35_1_1_20170112215224384_00.png,Black
1415,35_1_1_20170112215253641_00.png,Black
1416,35_1_1_20170112215312112_00.png,Black
1417,35_1_1_20170112215312367_00.png,Black
1418,35_1_1_20170112230432254_00.png,Black
1419,35_1_1_20170112230715541_00.png,Black
1420,35_1_1_20170112230726789_00.png,Black
1421,35_1_1_20170112231632006_00.png,Black
1422,35_1_1_20170112233419191_00.png,Black
1423,35_1_1_20170112233502352_00.png,Black
1424,35_1_1_20170112234710496_00.png,Black
1425,35_1_1_20170112234952297_00.png,Black
1426,35_1_1_20170112235121616_00.png,Black
1427,35_1_1_20170113001239705_00.png,Black
1428,35_1_1_20170113001619378_00.png,Black
1429,35_1_1_20170113001650939_00.png,Black
1430,35_1_1_20170113001901555_00.png,Black
1431,35_1_1_20170113003536772_00.png,Black
1432,35_1_1_20170113005348678_00.png,Black
1433,35_1_1_20170113005402981_00.png,Black
1434,35_1_1_20170113010415255_00.png,Black
1435,35_1_1_20170113011001766_00.png,Black
1436,35_1_1_20170113011402287_00.png,Black
1437,35_1_1_20170113012005143_00.png,Black
1438,35_1_1_20170113012452639_00.png,Black
1439,35_1_1_20170113012818161_00.png,Black
1440,35_1_1_20170113012820273_00.png,Black
1441,35_1_1_20170113195518309_00.png,Black
1442,35_1_1_20170114024635018_00.png,Black
1443,35_1_1_20170114024724202_00.png,Black
1444,35_1_1_20170115235811416_00.png,Black
1445,35_1_1_20170115235922203_00.png,Black
1446,35_1_1_20170115235922203_01.png,Black
1447,35_1_1_20170116003228386_00.png,Black
1448,35_1_1_20170116010333522_00.png,Black
1449,35_1_1_20170116021348604_00.png,Black
1450,35_1_1_20170116160205469_00.png,Black
1451,35_1_1_20170116222717126_00.png,Black
1452,35_1_1_20170116222842436_00.png,Black
1453,35_1_1_20170116223049636_00.png,Black
1454,35_1_1_20170116233055885_00.png,Black
1455,35_1_1_20170117010340078_00.png,Black
1456,35_1_1_20170117021418022_00.png,Black
1457,35_1_1_20170117022217421_00.png,Black
1458,35_1_1_20170117123859839_00.png,Black
1459,35_1_1_20170117135248701_00.png,Black
1460,35_1_1_20170117135357361_00.png,Black
1461,35_1_1_20170117142925468_00.png,Black
1462,35_1_1_20170117151422756_00.png,Black
1463,35_1_1_20170117154027218_00.png,Black
1464,35_1_1_20170117154114285_00.png,Black
1465,35_1_1_20170117154115861_00.png,Black
1466,35_1_1_20170117154134322_00.png,Black
1467,35_1_1_20170117154137390_00.png,Black
1468,35_1_1_20170117154228361_00.png,Black
1469,35_1_1_20170117154230213_00.png,Black
1470,35_1_1_20170117154240728_00.png,Black
1471,35_1_1_20170117183053534_00.png,Black
1472,35_1_1_20170117190321049_00.png,Black
1473,35_1_1_20170117190443525_00.png,Black
1474,35_1_1_20170117194931418_00.png,Black
1475,35_1_1_20170117203407119_00.png,Black
1476,35_1_1_20170117204141831_00.png,Black
1477,36_0_1_20170112213546077_00.png,Black
1478,36_0_1_20170113133354400_00.png,Black
1479,36_0_1_20170113133851480_00.png,Black
1480,36_0_1_20170113134300507_00.png,Black
1481,36_0_1_20170113134421145_00.png,Black
1482,36_0_1_20170113135627331_00.png,Black
1483,36_0_1_20170113135650138_00.png,Black
1484,36_0_1_20170113141724667_00.png,Black
1485,36_0_1_20170113141753251_00.png,Black
1486,36_0_1_20170113141850810_00.png,Black
1487,36_0_1_20170113142202668_00.png,Black
1488,36_0_1_20170113142408744_00.png,Black
1489,36_0_1_20170113151003293_00.png,Black
1490,36_0_1_20170113151337670_00.png,Black
1491,36_0_1_20170113151650223_00.png,Black
1492,36_0_1_20170113152022544_00.png,Black
1493,36_0_1_20170113152749711_00.png,Black
1494,36_0_1_20170113161345795_00.png,Black
1495,36_0_1_20170113161458922_00.png,Black
1496,36_0_1_20170113163308366_00.png,Black
1497,36_0_1_20170113173237337_00.png,Black
1498,36_0_1_20170113174252891_00.png,Black
1499,36_0_1_20170113175738212_00.png,Black
1500,36_0_1_20170113182443806_00.png,Black
1501,36_0_1_20170113182511607_00.png,Black
1502,36_0_1_20170113183054437_00.png,Black
1503,36_0_1_20170113183153677_00.png,Black
1504,36_0_1_20170113183816777_00.png,Black
1505,36_0_1_20170113184110991_00.png,Black
1506,36_0_1_20170113184204256_00.png,Black
1507,36_0_1_20170113195937061_00.png,Black
1508,36_0_1_20170115205919771_00.png,Black
1509,36_0_1_20170116010623450_00.png,Black
1510,36_0_1_20170116010728979_00.png,Black
1511,36_0_1_20170116024228249_00.png,Black
1512,36_0_1_20170116030200366_00.png,Black
1513,36_0_1_20170116030458993_00.png,Black
1514,36_0_1_20170116191931354_00.png,Black
1515,36_0_1_20170116193840027_00.png,Black
1516,36_0_1_20170116193844474_00.png,Black
1517,36_0_1_20170116195829062_00.png,Black
1518,36_0_1_20170116205322430_00.png,Black
1519,36_0_1_20170117010044349_00.png,Black
1520,36_0_1_20170117135448300_00.png,Black
1521,36_0_1_20170117135812577_00.png,Black
1522,36_0_1_20170117154315346_00.png,Black
1523,36_0_1_20170117154338564_00.png,Black
1524,36_0_1_20170117163412132_00.png,Black
1525,36_0_1_20170117163447723_00.png,Black
1526,36_0_1_20170117163449077_00.png,Black
1527,36_0_1_20170117163535860_00.png,Black
1528,36_0_1_20170117175543360_00.png,Black
1529,36_0_1_20170117183213758_00.png,Black
1530,36_0_1_20170117194044752_00.png,Black
1531,36_0_1_20170119180151531_00.png,Black
1532,36_0_1_20170119183437846_00.png,Black
1533,36_0_1_20170120140727849_00.png,Black
1534,36_0_1_20170120221302965_00.png,Black
1535,36_1_1_20170112203914370_00.png,Black
1536,36_1_1_20170112204442403_00.png,Black
1537,36_1_1_20170112213416311_00.png,Black
1538,36_1_1_20170112213416311_01.png,Black
1539,36_1_1_20170112215137928_00.png,Black
1540,36_1_1_20170112215406775_00.png,Black
1541,36_1_1_20170112224139515_00.png,Black
1542,36_1_1_20170112224156660_00.png,Black
1543,36_1_1_20170112230730598_00.png,Black
1544,36_1_1_20170112231430536_00.png,Black
1545,36_1_1_20170112231520246_00.png,Black
1546,36_1_1_20170112233326423_00.png,Black
1547,36_1_1_20170112233335504_00.png,Black
1548,36_1_1_20170112235521289_00.png,Black
1549,36_1_1_20170113000229769_00.png,Black
1550,36_1_1_20170113000341643_00.png,Black
1551,36_1_1_20170113000900081_00.png,Black
1552,36_1_1_20170113000937962_00.png,Black
1553,36_1_1_20170113001049181_00.png,Black
1554,36_1_1_20170113001436331_00.png,Black
1555,36_1_1_20170113001658573_00.png,Black
1556,36_1_1_20170113010431887_00.png,Black
1557,36_1_1_20170113011359152_00.png,Black
1558,36_1_1_20170113011437606_00.png,Black
1559,36_1_1_20170113011506296_00.png,Black
1560,36_1_1_20170113011509561_00.png,Black
1561,36_1_1_20170113011647678_00.png,Black
1562,36_1_1_20170113012230792_00.png,Black
1563,36_1_1_20170113012249151_00.png,Black
1564,36_1_1_20170113012408913_00.png,Black
1565,36_1_1_20170113013001026_00.png,Black
1566,36_1_1_20170113182102246_00.png,Black
1567,36_1_1_20170113182501102_00.png,Black
1568,36_1_1_20170116002211364_00.png,Black
1569,37_1_1_20170116224921695_00.png,Black
1570,38_0_1_20170116232535514_00.png,Black
1571,38_0_1_201701162330572788_00.png,Black
1572,38_0_1_20170117022513719_00.png,Black
1573,38_0_1_20170117135753077_00.png,Black
1574,38_0_1_20170117165211936_00.png,Black
1575,38_1_1_20170116010511938_00.png,Black
1576,40_0_1_20170113133639818_00.png,Black
1577,40_0_1_20170113135423609_00.png,Black
1578,40_0_1_20170113135447177_00.png,Black
1579,40_0_1_20170113135553050_00.png,Black
1580,40_0_1_20170113141623772_00.png,Black
1581,40_0_1_20170113142401365_00.png,Black
1582,40_0_1_20170113142425444_00.png,Black
1583,40_0_1_20170113151525270_00.png,Black
1584,40_0_1_20170113152055344_00.png,Black
1585,40_0_1_20170113152103014_00.png,Black
1586,40_0_1_20170113152150416_00.png,Black
1587,40_0_1_20170113155337187_00.png,Black
1588,40_0_1_20170113161517669_00.png,Black
1589,40_0_1_20170113174215274_00.png,Black
1590,40_0_1_20170113174431769_00.png,Black
1591,40_0_1_20170113181910508_00.png,Black
1592,40_0_1_20170113182334142_00.png,Black
1593,40_0_1_20170113184933016_00.png,Black
1594,40_0_1_20170113190544049_00.png,Black
1595,40_0_1_20170116003656859_00.png,Black
1596,40_0_1_20170116143000824_00.png,Black
1597,40_0_1_20170116204017708_00.png,Black
1598,40_0_1_20170116233052810_00.png,Black
1599,40_0_1_20170117134411786_00.png,Black
1600,40_0_1_20170117135308283_00.png,Black
1601,40_0_1_20170117135640172_00.png,Black
1602,40_0_1_20170117141443985_00.png,Black
1603,40_0_1_20170117154555325_00.png,Black
1604,40_0_1_20170117170126359_00.png,Black
1605,40_0_1_20170117170529962_00.png,Black
1606,40_0_1_20170117170545162_00.png,Black
1607,40_0_1_20170117170632910_00.png,Black
1608,40_0_1_20170117173250993_00.png,Black
1609,40_0_1_20170117182715021_00.png,Black
1610,40_0_1_20170117185317784_00.png,Black
1611,40_0_1_20170117194506722_00.png,Black
1612,40_0_1_20170120220605251_00.png,Black
1613,40_1_1_20170112205136114_00.png,Black
1614,40_1_1_20170112214918832_00.png,Black
1615,40_1_1_20170112231359349_00.png,Black
1616,40_1_1_20170112231504476_00.png,Black
1617,40_1_1_20170112231614270_00.png,Black
1618,40_1_1_20170112234122392_00.png,Black
1619,40_1_1_20170112234224866_00.png,Black
1620,40_1_1_20170112234412839_00.png,Black
1621,40_1_1_20170113000039241_00.png,Black
1622,40_1_1_20170113000204402_00.png,Black
1623,40_1_1_20170113001043722_00.png,Black
1624,40_1_1_20170113001137947_00.png,Black
1625,40_1_1_20170113001152068_00.png,Black
1626,40_1_1_20170113001316202_00.png,Black
1627,40_1_1_20170113001356402_00.png,Black
1628,40_1_1_20170113001541188_00.png,Black
1629,40_1_1_20170113001728994_00.png,Black
1630,40_1_1_20170113001812259_00.png,Black
1631,40_1_1_20170113001848827_00.png,Black
1632,40_1_1_20170113010421198_00.png,Black
1633,40_1_1_20170113010444517_00.png,Black
1634,40_1_1_20170113011244319_00.png,Black
1635,40_1_1_20170113011948248_00.png,Black
1636,40_1_1_20170113012137831_00.png,Black
1637,40_1_1_20170113012253752_00.png,Black
1638,40_1_1_20170113012402513_00.png,Black
1639,40_1_1_20170113012546137_00.png,Black
1640,40_1_1_20170113012648537_00.png,Black
1641,40_1_1_20170113012745577_00.png,Black
1642,40_1_1_20170113012749881_00.png,Black
1643,40_1_1_20170113012814600_00.png,Black
1644,40_1_1_20170113012951777_00.png,Black
1645,40_1_1_20170113012951777_01.png,Black
1646,40_1_1_20170113190338056_00.png,Black
1647,40_1_1_20170114032302199_00.png,Black
1648,40_1_1_20170116003454596_00.png,Black
1649,40_1_1_20170116162028041_00.png,Black
1650,40_1_1_20170116164046542_00.png,Black
1651,40_1_1_20170116211626424_00.png,Black
1652,40_1_1_20170116223441453_00.png,Black
1653,40_1_1_20170116231247019_00.png,Black
1654,40_1_1_20170116233256221_00.png,Black
1655,40_1_1_20170116235434882_00.png,Black
1656,40_1_1_20170117000145761_00.png,Black
1657,40_1_1_20170117022327672_00.png,Black
1658,40_1_1_20170117140949600_00.png,Black
1659,40_1_1_20170117154203322_00.png,Black
1660,40_1_1_20170117170159680_00.png,Black
1661,40_1_1_20170117171222293_00.png,Black
1662,41_0_1_20170113134000456_00.png,Black
1663,41_0_1_20170113151532863_00.png,Black
1664,41_0_1_20170113190547009_00.png,Black
1665,41_0_1_20170114033620952_00.png,Black
1666,41_0_1_20170116003552644_00.png,Black
1667,41_0_1_20170116183322571_00.png,Black
1668,41_0_1_20170117011534258_00.png,Black
1669,41_0_1_20170117140422547_00.png,Black
1670,41_0_1_20170117154304986_00.png,Black
1671,41_0_1_20170117164137053_00.png,Black
1672,41_0_1_20170117171011004_00.png,Black
1673,41_0_1_20170117173648607_00.png,Black
1674,41_0_1_20170117185928397_00.png,Black
1675,41_1_1_20170116160535875_00.png,Black
1676,41_1_1_20170116160915103_00.png,Black
1677,41_1_1_20170117021604893_00.png,Black
1678,41_1_1_20170117135029687_00.png,Black
1679,41_1_1_20170117140906983_00.png,Black
1680,41_1_1_20170117171024861_00.png,Black
1681,41_1_1_20170117194317075_00.png,Black
1682,41_1_1_20170117203858971_00.png,Black
1683,42_0_1_20170113135655554_00.png,Black
1684,42_0_1_20170113141709537_00.png,Black
1685,42_0_1_20170113150918448_00.png,Black
1686,42_0_1_20170113155108219_00.png,Black
1687,42_0_1_20170113174159700_00.png,Black
1688,42_0_1_20170113175712924_00.png,Black
1689,42_0_1_20170113175751788_00.png,Black
1690,42_0_1_20170113181524871_00.png,Black
1691,42_0_1_20170113183523861_00.png,Black
1692,42_0_1_20170113184020904_00.png,Black
1693,42_0_1_20170113184124287_00.png,Black
1694,42_0_1_20170113184519863_00.png,Black
1695,42_0_1_20170113184530032_00.png,Black
1696,42_0_1_20170113185220472_00.png,Black
1697,42_0_1_20170113190548728_00.png,Black
1698,42_0_1_20170113190550529_00.png,Black
1699,42_0_1_20170113190603850_00.png,Black
1700,42_0_1_20170116193736397_00.png,Black
1701,42_0_1_20170116194444692_00.png,Black
1702,42_0_1_20170116205000015_00.png,Black
1703,42_0_1_20170116220125979_00.png,Black
1704,42_0_1_20170117142655442_00.png,Black
1705,42_0_1_20170117171459684_00.png,Black
1706,42_0_1_20170117171503046_00.png,Black
1707,42_0_1_20170117171628313_00.png,Black
1708,42_1_1_20170112220102774_00.png,Black
1709,42_1_1_20170112231620452_00.png,Black
1710,42_1_1_20170112234136775_00.png,Black
1711,42_1_1_20170112234656696_00.png,Black
1712,42_1_1_20170113000652498_00.png,Black
1713,42_1_1_20170113000652498_01.png,Black
1714,42_1_1_20170113001251739_00.png,Black
1715,42_1_1_20170113001552715_00.png,Black
1716,42_1_1_20170113001802155_00.png,Black
1717,42_1_1_20170113001928635_00.png,Black
1718,42_1_1_20170113001932011_00.png,Black
1719,42_1_1_20170113005434508_00.png,Black
1720,42_1_1_20170113005712902_00.png,Black
1721,42_1_1_20170113005717990_00.png,Black
1722,42_1_1_20170113010938703_00.png,Black
1723,42_1_1_20170113011527191_00.png,Black
1724,42_1_1_20170113012009655_00.png,Black
1725,42_1_1_20170113012041287_00.png,Black
1726,42_1_1_20170113012354401_00.png,Black
1727,42_1_1_20170113012800201_00.png,Black
1728,42_1_1_20170113013004135_00.png,Black
1729,42_1_1_20170113013008103_00.png,Black
1730,42_1_1_20170113182842126_00.png,Black
1731,42_1_1_20170116021841454_00.png,Black
1732,42_1_1_20170116153229826_00.png,Black
1733,42_1_1_20170116214643802_00.png,Black
1734,42_1_1_20170117163844791_00.png,Black
1735,43_0_1_20170113173701232_00.png,Black
1736,43_0_1_20170116203818122_00.png,Black
1737,43_0_1_20170116210444779_00.png,Black
1738,43_0_1_20170117165517973_00.png,Black
1739,43_0_1_20170117171820798_00.png,Black
1740,43_0_1_20170117175231213_00.png,Black
1741,43_0_1_20170117175541909_00.png,Black
1742,43_0_1_20170117191927113_00.png,Black
1743,43_1_1_20170112235219665_00.png,Black
1744,43_1_1_20170113001944659_00.png,Black
1745,43_1_1_20170113013016785_00.png,Black
1746,43_1_1_20170113013019161_00.png,Black
1747,43_1_1_20170116003503143_00.png,Black
1748,43_1_1_20170116023857562_00.png,Black
1749,43_1_1_20170116233041044_00.png,Black
1750,43_1_1_20170117010132729_00.png,Black
1751,43_1_1_20170117015530911_00.png,Black
1752,43_1_1_20170117094954741_00.png,Black
1753,43_1_1_20170117155119604_00.png,Black
1754,43_1_1_20170117155120541_00.png,Black
1755,43_1_1_20170117193944155_00.png,Black
1756,44_0_1_20170113142045653_00.png,Black
1757,44_0_1_20170113184928967_00.png,Black
1758,44_0_1_20170113185004294_00.png,Black
1759,44_0_1_20170116010013473_00.png,Black
1760,44_0_1_20170117134941304_00.png,Black
1761,44_0_1_20170117142003663_00.png,Black
1762,44_0_1_20170117163236613_00.png,Black
1763,44_0_1_20170117172018631_00.png,Black
1764,44_0_1_20170117172143700_00.png,Black
1765,44_1_1_20170113001952364_00.png,Black
1766,44_1_1_20170113011544238_00.png,Black
1767,44_1_1_20170116164354400_00.png,Black
1768,45_0_1_20170113141830522_00.png,Black
1769,45_0_1_20170113142436445_00.png,Black
1770,45_0_1_20170113152719963_00.png,Black
1771,45_0_1_20170113152931785_00.png,Black
1772,45_0_1_20170113154803466_00.png,Black
1773,45_0_1_20170113155252610_00.png,Black
1774,45_0_1_20170113173025009_00.png,Black
1775,45_0_1_20170113173043145_00.png,Black
1776,45_0_1_20170113173605450_00.png,Black
1777,45_0_1_20170113173815963_00.png,Black
1778,45_0_1_20170113175345292_00.png,Black
1779,45_0_1_20170113180901829_00.png,Black
1780,45_0_1_20170113181946668_00.png,Black
1781,45_0_1_20170113182926126_00.png,Black
1782,45_0_1_20170113183119558_00.png,Black
1783,45_0_1_20170113183252060_00.png,Black
1784,45_0_1_20170113183341175_00.png,Black
1785,45_0_1_20170113184105455_00.png,Black
1786,45_0_1_20170113184154999_00.png,Black
1787,45_0_1_20170113184246839_00.png,Black
1788,45_0_1_20170113190556169_00.png,Black
1789,45_0_1_20170113190638200_00.png,Black
1790,45_0_1_20170114033528807_00.png,Black
1791,45_0_1_20170114033528807_01.png,Black
1792,45_0_1_20170116010133085_00.png,Black
1793,45_0_1_20170116142935103_00.png,Black
1794,45_0_1_20170117135648741_00.png,Black
1795,45_0_1_20170117140113412_00.png,Black
1796,45_0_1_20170117140339396_00.png,Black
1797,45_0_1_20170117140619918_00.png,Black
1798,45_0_1_20170117141846901_00.png,Black
1799,45_0_1_20170117143253063_00.png,Black
1800,45_0_1_20170117154348380_00.png,Black
1801,45_0_1_20170117165523332_00.png,Black
1802,45_0_1_20170117165545265_00.png,Black
1803,45_0_1_20170117165650390_00.png,Black
1804,45_0_1_20170117170533401_00.png,Black
1805,45_0_1_20170117171914289_00.png,Black
1806,45_0_1_20170117172020917_00.png,Black
1807,45_0_1_20170117173736387_00.png,Black
1808,45_0_1_20170117175348238_00.png,Black
1809,45_0_1_20170117181136802_00.png,Black
1810,45_0_1_20170117182333220_00.png,Black
1811,45_0_1_20170117182914790_00.png,Black
1812,45_0_1_20170117190019363_00.png,Black
1813,45_0_1_20170117193756181_00.png,Black
1814,45_0_1_20170117194133909_00.png,Black
1815,45_0_1_20170117204046200_00.png,Black
1816,45_0_1_20170117204117178_00.png,Black
1817,45_0_1_20170120221116053_00.png,Black
1818,45_0_1_20170120223517421_00.png,Black
1819,45_1_1_20170112203850233_00.png,Black
1820,45_1_1_20170112215205776_00.png,Black
1821,45_1_1_20170112215309242_00.png,Black
1822,45_1_1_20170112231623286_00.png,Black
1823,45_1_1_20170112234408154_00.png,Black
1824,45_1_1_20170112234408154_01.png,Black
1825,45_1_1_20170113005725568_00.png,Black
1826,45_1_1_20170113012310351_00.png,Black
1827,45_1_1_20170113012603225_00.png,Black
1828,45_1_1_20170113190400378_00.png,Black
1829,45_1_1_20170113195612333_00.png,Black
1830,45_1_1_20170116003204136_00.png,Black
1831,45_1_1_20170116160543061_00.png,Black
1832,45_1_1_20170116162143245_00.png,Black
1833,45_1_1_20170116234410850_00.png,Black
1834,45_1_1_20170117140432386_00.png,Black
1835,45_1_1_20170117141755026_00.png,Black
1836,45_1_1_20170117145052555_00.png,Black
1837,45_1_1_20170117164716460_00.png,Black
1838,45_1_1_20170117164742977_00.png,Black
1839,45_1_1_20170117183357517_00.png,Black
1840,46_0_1_20170113135634688_00.png,Black
1841,46_0_1_20170113141909603_00.png,Black
1842,46_0_1_20170113142033812_00.png,Black
1843,46_0_1_20170113142208515_00.png,Black
1844,46_0_1_20170113151900392_00.png,Black
1845,46_0_1_20170113152154248_00.png,Black
1846,46_0_1_20170113173056321_00.png,Black
1847,46_0_1_20170113175110660_00.png,Black
1848,46_0_1_20170117141729225_00.png,Black
1849,46_0_1_20170117171118355_00.png,Black
1850,46_0_1_20170117182528088_00.png,Black
1851,46_0_1_20170117183456244_00.png,Black
1852,46_0_1_20170117185815162_00.png,Black
1853,46_1_1_20170112211410525_00.png,Black
1854,46_1_1_20170112211415996_00.png,Black
1855,46_1_1_20170112215250704_00.png,Black
1856,46_1_1_20170112220304903_00.png,Black
1857,46_1_1_20170113001246891_00.png,Black
1858,46_1_1_20170113001257466_00.png,Black
1859,46_1_1_20170113001937835_00.png,Black
1860,46_1_1_20170113011956753_00.png,Black
1861,46_1_1_20170113012227505_00.png,Black
1862,46_1_1_20170113012755554_00.png,Black
1863,46_1_1_20170113184212578_00.png,Black
1864,46_1_1_20170116001421842_00.png,Black
1865,46_1_1_20170116001928205_00.png,Black
1866,46_1_1_20170116022038426_00.png,Black
1867,46_1_1_20170116161237892_00.png,Black
1868,46_1_1_20170116223430582_00.png,Black
1869,46_1_1_20170116233714695_00.png,Black
1870,46_1_1_20170117155904640_00.png,Black
1871,47_0_1_20170113184219303_00.png,Black
1872,47_0_1_20170113184729088_00.png,Black
1873,47_0_1_20170117021247110_00.png,Black
1874,47_0_1_20170117141144856_00.png,Black
1875,47_0_1_20170117171504577_00.png,Black
1876,47_0_1_20170117172015693_00.png,Black
1877,47_0_1_20170117172552003_00.png,Black
1878,47_0_1_20170117173346286_00.png,Black
1879,47_0_1_20170117190323954_00.png,Black
1880,47_0_1_20170117193737256_00.png,Black
1881,47_1_1_20170112231603253_00.png,Black
1882,47_1_1_20170113001956524_00.png,Black
1883,47_1_1_20170113002000875_00.png,Black
1884,47_1_1_20170113012448233_00.png,Black
1885,47_1_1_20170116160632406_00.png,Black
1886,47_1_1_20170116160640036_00.png,Black
1887,48_0_1_20170113142055436_00.png,Black
1888,48_0_1_20170113172954867_00.png,Black
1889,48_0_1_20170113173459020_00.png,Black
1890,48_0_1_20170113182616942_00.png,Black
1891,48_0_1_20170113183700797_00.png,Black
1892,48_0_1_20170113183822367_00.png,Black
1893,48_0_1_20170113184623503_00.png,Black
1894,48_0_1_20170113185049416_00.png,Black
1895,48_0_1_20170116233413749_00.png,Black
1896,48_0_1_20170117020834578_00.png,Black
1897,48_0_1_20170117165012988_00.png,Black
1898,48_0_1_20170117171859064_00.png,Black
1899,48_0_1_20170117172159893_00.png,Black
1900,48_0_1_20170117173143196_00.png,Black
1901,48_0_1_20170119203634847_00.png,Black
1902,48_1_1_20170113001756978_00.png,Black
1903,48_1_1_20170113012552201_00.png,Black
1904,48_1_1_20170113013013754_00.png,Black
1905,48_1_1_20170113190404873_00.png,Black
1906,48_1_1_20170117131013277_00.png,Black
1907,48_1_1_20170117132631424_00.png,Black
1908,49_0_1_20170113135511444_00.png,Black
1909,49_0_1_20170113142200613_00.png,Black
1910,49_0_1_20170113184332336_00.png,Black
1911,49_0_1_20170116191717345_00.png,Black
1912,49_0_1_20170117022513719_00.png,Black
1913,49_0_1_20170117173446675_00.png,Black
1914,49_0_1_20170117180355439_00.png,Black
1915,49_1_1_20170112235151889_00.png,Black
1916,49_1_1_20170113000544753_00.png,Black
1917,49_1_1_20170113012017156_00.png,Black
1918,49_1_1_20170113173337426_00.png,Black
1919,49_1_1_20170113184406976_00.png,Black
1920,49_1_1_20170116003307142_00.png,Black
1921,50_0_1_20170113134715664_00.png,Black
1922,50_0_1_20170113135543842_00.png,Black
1923,50_0_1_20170113142149603_00.png,Black
1924,50_0_1_20170113142324284_00.png,Black
1925,50_0_1_20170113152855753_00.png,Black
1926,50_0_1_20170113173649243_00.png,Black
1927,50_0_1_20170113173828618_00.png,Black
1928,50_0_1_20170113182107886_00.png,Black
1929,50_0_1_20170113184224648_00.png,Black
1930,50_0_1_20170113184346534_00.png,Black
1931,50_0_1_20170113184607014_00.png,Black
1932,50_0_1_20170113185435080_00.png,Black
1933,50_0_1_20170113195720980_00.png,Black
1934,50_0_1_20170116010800352_00.png,Black
1935,50_0_1_20170116010809979_00.png,Black
1936,50_0_1_20170117001050081_00.png,Black
1937,50_0_1_20170117003124915_00.png,Black
1938,50_0_1_20170117135045974_00.png,Black
1939,50_0_1_20170117135655702_00.png,Black
1940,50_0_1_20170117154528349_00.png,Black
1941,50_0_1_20170117164310665_00.png,Black
1942,50_0_1_20170117172803693_00.png,Black
1943,50_0_1_20170117173404026_00.png,Black
1944,50_0_1_20170117173418899_00.png,Black
1945,50_0_1_20170117173432690_00.png,Black
1946,50_0_1_20170117173743345_00.png,Black
1947,50_0_1_20170117175738076_00.png,Black
1948,50_0_1_20170117181702370_00.png,Black
1949,50_0_1_20170117204159441_00.png,Black
1950,50_0_1_20170120220929108_00.png,Black
1951,50_0_1_20170120221000756_00.png,Black
1952,50_0_1_20170120221415661_00.png,Black
1953,50_0_1_20170120222239167_00.png,Black
1954,50_1_1_20170112210916132_00.png,Black
1955,50_1_1_20170112215232959_00.png,Black
1956,50_1_1_20170112235535579_00.png,Black
1957,50_1_1_20170113001907523_00.png,Black
1958,50_1_1_20170113002034412_00.png,Black
1959,50_1_1_20170113012828731_00.png,Black
1960,50_1_1_20170114030118769_00.png,Black
1961,50_1_1_20170114031511007_00.png,Black
1962,50_1_1_20170117001143232_00.png,Black
1963,50_1_1_20170117133207717_00.png,Black
1964,50_1_1_20170117145027850_00.png,Black
1965,50_1_1_20170117164023113_00.png,Black
1966,50_1_1_20170117185827827_00.png,Black
1967,50_1_1_20170120220813715_00.png,Black
1968,50_1_1_20170120222821475_00.png,Black
1969,51_0_1_20170113142040362_00.png,Black
1970,51_0_1_20170113142122196_00.png,Black
1971,51_0_1_20170113173639578_00.png,Black
1972,51_0_1_20170113174152115_00.png,Black
1973,51_0_1_20170113174654644_00.png,Black
1974,51_0_1_20170113175204771_00.png,Black
1975,51_0_1_20170113175544403_00.png,Black
1976,51_0_1_20170117141120750_00.png,Black
1977,51_0_1_20170117160804231_00.png,Black
1978,51_0_1_20170117173507025_00.png,Black
1979,51_0_1_20170117173642448_00.png,Black
1980,51_0_1_20170117173643818_00.png,Black
1981,51_0_1_20170117173705235_00.png,Black
1982,51_0_1_20170117190816460_00.png,Black
1983,51_0_1_20170117194228848_00.png,Black
1984,51_1_1_20170112213230359_00.png,Black
1985,51_1_1_20170113010949270_00.png,Black
1986,51_1_1_20170113010949270_01.png,Black
1987,51_1_1_20170113182150518_00.png,Black
1988,51_1_1_20170114030618551_00.png,Black
1989,51_1_1_20170115235508848_00.png,Black
1990,51_1_1_20170120133936151_00.png,Black
1991,52_0_1_20170113141833692_00.png,Black
1992,52_0_1_20170113142156388_00.png,Black
1993,52_0_1_20170113173047312_00.png,Black
1994,52_0_1_20170113173551387_00.png,Black
1995,52_0_1_20170113174958212_00.png,Black
1996,52_0_1_20170113183825270_00.png,Black
1997,52_0_1_20170113184035487_00.png,Black
1998,52_0_1_20170113184703751_00.png,Black
1999,52_0_1_20170113195507899_00.png,Black
2000,52_0_1_20170116010409058_00.png,Black
2001,52_0_1_20170117161018159_00.png,Black
2002,52_0_1_20170117171005861_00.png,Black
2003,52_0_1_20170117172804606_00.png,Black
2004,52_0_1_20170117173744776_00.png,Black
2005,52_0_1_20170117175021585_00.png,Black
2006,52_0_1_20170120222557074_00.png,Black
2007,52_0_1_20170120222921386_00.png,Black
2008,52_1_1_20170113000523249_00.png,Black
2009,52_1_1_20170113000549723_00.png,Black
2010,52_1_1_20170113011248822_00.png,Black
2011,52_1_1_20170113012458376_00.png,Black
2012,52_1_1_20170113012640929_00.png,Black
2013,53_0_1_20170113174111826_00.png,Black
2014,53_0_1_20170116024724425_00.png,Black
2015,53_0_1_20170116192938845_00.png,Black
2016,53_0_1_20170117181950281_00.png,Black
2017,53_0_1_20170120222553113_00.png,Black
2018,53_0_1_20170120222956787_00.png,Black
2019,53_0_1_20170120223004304_00.png,Black
2020,53_1_1_20170112215257791_00.png,Black
2021,53_1_1_20170113001807851_00.png,Black
2022,53_1_1_20170113012108752_00.png,Black
2023,53_1_1_20170113013025665_00.png,Black
2024,53_1_1_20170116175619856_00.png,Black
2025,53_1_1_20170116180111461_00.png,Black
2026,53_1_1_20170116225057398_00.png,Black
2027,53_1_1_20170117155117307_00.png,Black
2028,53_1_1_20170117175751930_00.png,Black
2029,54_0_1_20170113135022114_00.png,Black
2030,54_0_1_20170113145459151_00.png,Black
2031,54_0_1_20170113151911864_00.png,Black
2032,54_0_1_20170113184959007_00.png,Black
2033,54_0_1_20170113185017352_00.png,Black
2034,54_0_1_20170113185028970_00.png,Black
2035,54_0_1_20170113185030984_00.png,Black
2036,54_0_1_20170113185033415_00.png,Black
2037,54_0_1_20170113190519393_00.png,Black
2038,54_0_1_20170117142808120_00.png,Black
2039,54_0_1_20170117143030074_00.png,Black
2040,54_0_1_20170117170901716_00.png,Black
2041,54_0_1_20170117172505751_00.png,Black
2042,54_0_1_20170117173258493_00.png,Black
2043,54_0_1_20170117173717615_00.png,Black
2044,54_0_1_20170117183508782_00.png,Black
2045,54_0_1_20170117183527321_00.png,Black
2046,54_0_1_20170117183554529_00.png,Black
2047,54_0_1_20170117183557856_00.png,Black
2048,54_0_1_20170117185822383_00.png,Black
2049,54_0_1_20170117190009561_00.png,Black
2050,54_0_1_20170117190013790_00.png,Black
2051,54_0_1_20170117190137490_00.png,Black
2052,54_0_1_20170117191348426_00.png,Black
2053,54_0_1_20170117191411795_00.png,Black
2054,54_0_1_20170117191441764_00.png,Black
2055,54_0_1_20170120222533712_00.png,Black
2056,54_0_1_20170120223418357_00.png,Black
2057,54_0_1_20170120223426436_00.png,Black
2058,54_1_1_20170113002054908_00.png,Black
2059,54_1_1_20170113013035146_00.png,Black
2060,54_1_1_20170113013054027_00.png,Black
2061,54_1_1_20170117141758139_00.png,Black
2062,54_1_1_20170117171655227_00.png,Black
2063,54_1_1_20170117171656445_00.png,Black
2064,54_1_1_20170117184308137_00.png,Black
2065,54_1_1_20170117194849551_00.png,Black
2066,54_1_1_20170117204543384_00.png,Black
2067,54_1_1_20170120223626558_00.png,Black
2068,55_0_1_20170113195601362_00.png,Black
2069,55_0_1_20170117015513943_00.png,Black
2070,55_0_1_20170117165048545_00.png,Black
2071,55_0_1_20170117170627262_00.png,Black
2072,55_0_1_20170117173626521_00.png,Black
2073,55_0_1_20170117180249950_00.png,Black
2074,55_0_1_20170117183540925_00.png,Black
2075,55_0_1_20170117190614716_00.png,Black
2076,55_0_1_20170117190804541_00.png,Black
2077,55_0_1_20170120134315207_00.png,Black
2078,55_1_1_20170112213225871_00.png,Black
2079,55_1_1_20170112220123609_00.png,Black
2080,55_1_1_20170112221944068_00.png,Black
2081,55_1_1_20170113185105936_00.png,Black
2082,55_1_1_20170116232600318_00.png,Black
2083,55_1_1_20170117202741735_00.png,Black
2084,55_1_1_20170120221120195_00.png,Black
2085,56_0_1_20170113134326090_00.png,Black
2086,56_0_1_20170113142254836_00.png,Black
2087,56_0_1_20170113151553665_00.png,Black
2088,56_0_1_20170113154918011_00.png,Black
2089,56_0_1_20170113173811475_00.png,Black
2090,56_0_1_20170113174020731_00.png,Black
2091,56_0_1_20170113174030713_00.png,Black
2092,56_0_1_20170113174604139_00.png,Black
2093,56_0_1_20170113174909839_00.png,Black
2094,56_0_1_20170113184540735_00.png,Black
2095,56_0_1_20170113184709263_00.png,Black
2096,56_0_1_20170113185159368_00.png,Black
2097,56_0_1_20170113185207203_00.png,Black
2098,56_0_1_20170117143218188_00.png,Black
2099,56_0_1_20170117165152523_00.png,Black
2100,56_0_1_20170117173620884_00.png,Black
2101,56_0_1_20170117175154108_00.png,Black
2102,56_0_1_20170117191856555_00.png,Black
2103,56_0_1_20170120222838627_00.png,Black
2104,56_0_1_20170120223802390_00.png,Black
2105,56_0_1_20170120223802390_01.png,Black
2106,56_1_1_20170112210514093_00.png,Black
2107,56_1_1_20170112231901927_00.png,Black
2108,56_1_1_20170113005840156_00.png,Black
2109,56_1_1_20170113012653153_00.png,Black
2110,56_1_1_20170113012703776_00.png,Black
2111,56_1_1_20170116002049709_00.png,Black
2112,56_1_1_20170116161657239_00.png,Black
2113,56_1_1_20170116234821191_00.png,Black
2114,57_0_1_20170113161208579_00.png,Black
2115,57_0_1_20170113184855343_00.png,Black
2116,57_0_1_20170117141704960_00.png,Black
2117,57_0_1_20170117164415527_00.png,Black
2118,57_0_1_20170117171247961_00.png,Black
2119,57_1_1_20170113013059467_00.png,Black
2120,58_0_1_20170113174947234_00.png,Black
2121,58_0_1_20170113175352418_00.png,Black
2122,58_0_1_20170113184850673_00.png,Black
2123,58_0_1_20170113184906215_00.png,Black
2124,58_0_1_20170113185038112_00.png,Black
2125,58_0_1_20170113185227312_00.png,Black
2126,58_0_1_20170113185358000_00.png,Black
2127,58_0_1_20170113190411755_00.png,Black
2128,58_0_1_20170113190654777_00.png,Black
2129,58_0_1_20170113193258196_00.png,Black
2130,58_0_1_20170117160528648_00.png,Black
2131,58_0_1_20170117173247104_00.png,Black
2132,58_0_1_20170117182453919_00.png,Black
2133,58_0_1_20170117184831471_00.png,Black
2134,58_0_1_20170117191843355_00.png,Black
2135,58_0_1_20170117192005261_00.png,Black
2136,58_0_1_20170117192230322_00.png,Black
2137,58_0_1_20170117193000518_00.png,Black
2138,58_0_1_20170117193003224_00.png,Black
2139,58_0_1_20170117193132038_00.png,Black
2140,58_0_1_20170117193628506_00.png,Black
2141,58_0_1_20170117193630275_00.png,Black
2142,58_0_1_20170117193633529_00.png,Black
2143,58_0_1_20170117195329446_00.png,Black
2144,58_0_1_20170117204657521_00.png,Black
2145,58_0_1_20170120222527209_00.png,Black
2146,58_1_1_20170112213645366_00.png,Black
2147,58_1_1_20170112224053755_00.png,Black
2148,58_1_1_20170112224110700_00.png,Black
2149,58_1_1_20170113000640931_00.png,Black
2150,58_1_1_20170113012118016_00.png,Black
2151,58_1_1_20170113012151936_00.png,Black
2152,58_1_1_20170113012224304_00.png,Black
2153,58_1_1_20170113185350033_00.png,Black
2154,58_1_1_20170117194006047_00.png,Black
2155,58_1_1_20170117194028702_00.png,Black
2156,58_1_1_20170120133757255_00.png,Black
2157,59_0_1_20170113152816239_00.png,Black
2158,59_0_1_20170113182157557_00.png,Black
2159,59_0_1_20170117192104465_00.png,Black
2160,59_1_1_20170113000626569_00.png,Black
2161,59_1_1_20170113012852120_00.png,Black
2162,59_1_1_20170116203506659_00.png,Black
2163,59_1_1_20170116233345047_00.png,Black
2164,60_0_1_20170113151557287_00.png,Black
2165,60_0_1_20170113152726713_00.png,Black
2166,60_0_1_20170113174854844_00.png,Black
2167,60_0_1_20170113185141927_00.png,Black
2168,60_0_1_20170113185153840_00.png,Black
2169,60_0_1_20170117160042904_00.png,Black
2170,60_0_1_20170117160801279_00.png,Black
2171,60_0_1_20170117163534458_00.png,Black
2172,60_0_1_20170117175043836_00.png,Black
2173,60_0_1_20170117182448367_00.png,Black
2174,60_0_1_20170117194137742_00.png,Black
2175,60_0_1_20170119204250215_00.png,Black
2176,60_0_1_20170120222729424_00.png,Black
2177,60_1_1_20170112210519379_00.png,Black
2178,60_1_1_20170112211606108_00.png,Black
2179,60_1_1_20170112230424534_00.png,Black
2180,60_1_1_20170113001648066_00.png,Black
2181,60_1_1_20170113005740542_00.png,Black
2182,60_1_1_20170113011739319_00.png,Black
2183,60_1_1_20170113011821480_00.png,Black
2184,60_1_1_20170113185112295_00.png,Black
2185,60_1_1_20170113185146864_00.png,Black
2186,60_1_1_20170116153456340_00.png,Black
2187,60_1_1_20170117194049565_00.png,Black
2188,60_1_1_20170120222320336_00.png,Black
2189,60_1_1_20170120222504473_00.png,Black
2190,60_1_1_20170120223635158_00.png,Black
2191,61_0_1_20170113161234148_00.png,Black
2192,61_0_1_20170113174123835_00.png,Black
2193,61_0_1_20170113174636459_00.png,Black
2194,61_0_1_20170113175415829_00.png,Black
2195,61_0_1_20170113175551340_00.png,Black
2196,61_0_1_20170113185412103_00.png,Black
2197,61_0_1_20170113190738584_00.png,Black
2198,61_0_1_20170116030045810_00.png,Black
2199,61_0_1_20170117182431301_00.png,Black
2200,61_0_1_20170117193626228_00.png,Black
2201,61_0_1_20170117193718791_00.png,Black
2202,61_0_1_20170117193727094_00.png,Black
2203,61_0_1_20170117194340081_00.png,Black
2204,61_0_1_20170117194549667_00.png,Black
2205,61_0_1_20170117194558194_00.png,Black
2206,61_0_1_20170117194559499_00.png,Black
2207,61_0_1_20170117194600743_00.png,Black
2208,61_0_1_20170117194601885_00.png,Black
2209,61_0_1_20170117194609172_00.png,Black
2210,61_0_1_20170117194623461_00.png,Black
2211,61_1_1_20170113001835467_00.png,Black
2212,61_1_1_20170117173441980_00.png,Black
2213,61_1_1_20170117174626414_00.png,Black
2214,61_1_1_20170120133757255_00.png,Black
2215,62_0_1_20170112215357608_00.png,Black
2216,62_0_1_20170113142229676_00.png,Black
2217,62_0_1_20170113154852003_00.png,Black
2218,62_0_1_20170113173405674_00.png,Black
2219,62_0_1_20170113175129604_00.png,Black
2220,62_0_1_20170113182552751_00.png,Black
2221,62_0_1_20170113182604718_00.png,Black
2222,62_0_1_20170113184846159_00.png,Black
2223,62_0_1_20170113185008129_00.png,Black
2224,62_0_1_20170113190628890_00.png,Black
2225,62_0_1_20170116204827125_00.png,Black
2226,62_0_1_20170117154841208_00.png,Black
2227,62_0_1_20170117175059690_00.png,Black
2228,62_0_1_20170117183848283_00.png,Black
2229,62_0_1_20170117191622380_00.png,Black
2230,62_1_1_20170112233640592_00.png,Black
2231,62_1_1_20170113001915427_00.png,Black
2232,62_1_1_20170113013045520_00.png,Black
2233,62_1_1_20170113142332748_00.png,Black
2234,62_1_1_20170117183835889_00.png,Black
2235,63_0_1_20170117155018994_00.png,Black
2236,63_0_1_20170117182443400_00.png,Black
2237,63_0_1_20170117194724477_00.png,Black
2238,63_0_1_20170117194925787_00.png,Black
2239,63_0_1_20170117194927661_00.png,Black
2240,63_0_1_20170117194942794_00.png,Black
2241,63_0_1_20170120221531693_00.png,Black
2242,63_0_1_20170120223325931_00.png,Black
2243,63_1_1_20170113190755479_00.png,Black
2244,64_0_1_20170117174913832_00.png,Black
2245,64_0_1_20170117182413598_00.png,Black
2246,64_0_1_20170117182526238_00.png,Black
2247,64_0_1_20170120224617161_00.png,Black
2248,64_1_1_20170112233355207_00.png,Black
2249,65_0_1_20170113145609182_00.png,Black
2250,65_0_1_20170113174447314_00.png,Black
2251,65_0_1_20170113174805802_00.png,Black
2252,65_0_1_20170113182137398_00.png,Black
2253,65_0_1_20170113184825438_00.png,Black
2254,65_0_1_20170113184830231_00.png,Black
2255,65_0_1_20170116204818030_00.png,Black
2256,65_0_1_20170117162906228_00.png,Black
2257,65_0_1_20170117165348576_00.png,Black
2258,65_0_1_20170117172856561_00.png,Black
2259,65_0_1_20170117182422917_00.png,Black
2260,65_0_1_20170117190957867_00.png,Black
2261,65_0_1_20170117191610001_00.png,Black
2262,65_0_1_20170117191903245_00.png,Black
2263,65_0_1_20170117192046226_00.png,Black
2264,65_0_1_20170117193640771_00.png,Black
2265,65_0_1_20170117193649266_00.png,Black
2266,65_0_1_20170117194017535_00.png,Black
2267,65_0_1_20170120134639935_00.png,Black
2268,65_0_1_20170120222929626_00.png,Black
2269,65_0_1_20170120222944643_00.png,Black
2270,65_0_1_20170120223029947_00.png,Black
2271,65_0_1_20170120223219484_00.png,Black
2272,65_0_1_20170120223512324_00.png,Black
2273,65_0_1_20170120223824820_00.png,Black
2274,65_0_1_20170120224015174_00.png,Black
2275,65_1_1_20170112215403296_00.png,Black
2276,65_1_1_20170112220241647_00.png,Black
2277,65_1_1_20170113002051572_00.png,Black
2278,65_1_1_20170113012531920_00.png,Black
2279,65_1_1_20170113012956231_00.png,Black
2280,65_1_1_20170117010316709_00.png,Black
2281,65_1_1_20170117163545690_00.png,Black
2282,65_1_1_20170117184041200_00.png,Black
2283,65_1_1_20170120222613985_00.png,Black
2284,66_0_1_20170117195116702_00.png,Black
2285,66_1_1_20170113000154762_00.png,Black
2286,67_0_1_20170113161329852_00.png,Black
2287,67_0_1_20170113175755885_00.png,Black
2288,67_0_1_20170117143308243_00.png,Black
2289,67_0_1_20170117143355801_00.png,Black
2290,67_0_1_20170117172054412_00.png,Black
2291,67_0_1_20170117172510754_00.png,Black
2292,67_0_1_20170117185950062_00.png,Black
2293,67_0_1_20170117190207133_00.png,Black
2294,67_0_1_20170120223307141_00.png,Black
2295,67_0_1_20170120224828928_00.png,Black
2296,67_1_1_20170113185517320_00.png,Black
2297,68_0_1_20170113152656361_00.png,Black
2298,68_0_1_20170113152833080_00.png,Black
2299,68_0_1_20170117170414776_00.png,Black
2300,68_0_1_20170117172339634_00.png,Black
2301,68_0_1_20170117192237032_00.png,Black
2302,68_0_1_20170117193455181_00.png,Black
2303,68_1_1_20170112211704724_00.png,Black
2304,68_1_1_20170113002009108_00.png,Black
2305,68_1_1_20170116161411128_00.png,Black
2306,69_0_1_20170113184901806_00.png,Black
2307,69_0_1_20170113184924520_00.png,Black
2308,69_0_1_20170116205546933_00.png,Black
2309,69_0_1_20170117194929098_00.png,Black
2310,69_1_1_20170117195205819_00.png,Black
2311,70_0_1_20170113175514412_00.png,Black
2312,70_0_1_20170113184357359_00.png,Black
2313,70_0_1_20170116214435321_00.png,Black
2314,70_0_1_20170117173252160_00.png,Black
2315,70_0_1_20170117174954253_00.png,Black
2316,70_0_1_20170117175512623_00.png,Black
2317,70_0_1_20170117194145056_00.png,Black
2318,70_0_1_20170120223446317_00.png,Black
2319,70_0_1_20170120225116936_00.png,Black
2320,70_1_1_20170113000433314_00.png,Black
2321,70_1_1_20170117171523132_00.png,Black
2322,70_1_1_20170117174530078_00.png,Black
2323,70_1_1_20170119205140215_00.png,Black
2324,70_1_1_20170120222723433_00.png,Black
2325,70_1_1_20170120223544080_00.png,Black
2326,71_0_1_20170113175251268_00.png,Black
2327,71_1_1_20170117194632791_00.png,Black
2328,71_1_1_20170120230158538_00.png,Black
2329,72_0_1_20170113142501771_00.png,Black
2330,72_0_1_20170113185128016_00.png,Black
2331,72_0_1_20170113185442656_00.png,Black
2332,72_0_1_20170117165211936_00.png,Black
2333,72_0_1_20170117193619775_00.png,Black
2334,72_1_1_20170112215442392_00.png,Black
2335,72_1_1_20170120223941518_00.png,Black
2336,72_1_1_20170120225033578_00.png,Black
2337,73_0_1_20170117194721939_00.png,Black
2338,73_0_1_20170117194956074_00.png,Black
2339,73_0_1_20170117195312638_00.png,Black
2340,73_0_1_20170117195315175_00.png,Black
2341,73_0_1_20170117195318257_00.png,Black
2342,73_0_1_20170117195325010_00.png,Black
2343,73_0_1_20170117195353786_00.png,Black
2344,73_1_1_20170120230417585_00.png,Black
2345,74_0_1_20170113182114430_00.png,Black
2346,74_0_1_20170113184556176_00.png,Black
2347,74_1_1_20170120223559844_00.png,Black
2348,75_0_1_20170113135403273_00.png,Black
2349,75_0_1_20170113185328144_00.png,Black
2350,75_0_1_20170116204836635_00.png,Black
2351,75_0_1_20170117183723984_00.png,Black
2352,75_1_1_20170113013039564_00.png,Black
2353,76_0_1_20170116010457070_00.png,Black
2354,76_0_1_20170116204915499_00.png,Black
2355,76_0_1_20170116205210541_00.png,Black
2356,76_0_1_20170116205556715_00.png,Black
2357,76_0_1_20170116205605555_00.png,Black
2358,77_0_1_20170117173757948_00.png,Black
2359,78_0_1_20170113175613132_00.png,Black
2360,78_0_1_20170116204857697_00.png,Black
2361,78_0_1_20170117185943219_00.png,Black
2362,78_0_1_20170117190604291_00.png,Black
2363,78_0_1_20170117193425610_00.png,Black
2364,78_0_1_20170117195212700_00.png,Black
2365,78_1_1_20170113011857601_00.png,Black
2366,78_1_1_20170120225425945_00.png,Black
2367,80_0_1_20170116003703261_00.png,Black
2368,80_0_1_20170116003703261_01.png,Black
2369,80_1_1_20170116153903211_00.png,Black
2370,80_1_1_20170117193146273_00.png,Black
2371,80_1_1_20170119210040345_00.png,Black
2372,80_1_1_20170120222433936_00.png,Black
2373,81_0_1_20170117193731174_00.png,Black
2374,81_1_1_20170116220014045_00.png,Black
2375,82_1_1_20170112224554283_00.png,Black
2376,82_1_1_20170113012909920_00.png,Black
2377,84_0_1_20170117192953555_00.png,Black
2378,85_0_1_20170117194436106_00.png,Black
2379,85_1_1_20170120223737998_00.png,Black
2380,86_0_1_20170120230044602_00.png,Black
2381,87_0_1_20170116210156717_00.png,Black
2382,87_0_1_20170117194805270_00.png,Black
2383,87_1_1_20170116161703647_00.png,Black
2384,88_0_1_20170116144533236_00.png,Black
2385,88_1_1_20170113013105818_00.png,Black
2386,89_0_1_20170116024131102_00.png,Black
2387,89_0_1_20170116210156717_00.png,Black
2388,89_0_1_20170117182437361_00.png,Black
2389,89_0_1_20170117193440263_00.png,Black
2390,89_0_1_20170117194109597_00.png,Black
2391,89_0_1_20170117194330360_00.png,Black
2392,89_1_1_20170116160717022_00.png,Black
2393,89_1_1_20170120230414826_00.png,Black
2394,90_0_1_20170113184758168_00.png,Black
2395,90_0_1_20170113184758168_01.png,Black
2396,90_0_1_20170117194324750_00.png,Black
2397,90_0_1_20170117195102223_00.png,Black
2398,90_1_1_20170113184500142_00.png,Black
2399,90_1_1_20170117194843274_00.png,Black
2400,90_1_1_20170117195305990_00.png,Black
2401,90_1_1_20170120220828835_00.png,Black
2402,91_0_1_20170117194736477_00.png,Black
2403,96_1_1_20170117183936388_00.png,Black
2404,99_1_1_20170120134639935_00.png,Black
2405,15_0_2_20170114024948220_00.png,Asian
2406,24_0_2_20170119165620535_00.png,Asian
2407,24_0_2_20170119165656526_00.png,Asian
2408,24_0_2_20170119165700590_00.png,Asian
2409,24_1_2_20170119164624877_00.png,Asian
2410,25_0_2_20170119145148646_00.png,Asian
2411,25_0_2_20170119163949502_00.png,Asian
2412,25_1_2_20170116223140371_00.png,Asian
2413,25_1_2_20170120133606995_00.png,Asian
2414,26_0_2_20170119180202654_00.png,Asian
2415,26_0_2_20170119180632923_00.png,Asian
2416,26_0_2_20170119184042373_00.png,Asian
2417,26_0_2_20170119184053318_00.png,Asian
2418,26_0_2_20170119184054406_00.png,Asian
2419,26_0_2_20170119184055239_00.png,Asian
2420,26_0_2_20170119184056247_00.png,Asian
2421,26_0_2_20170119184102087_00.png,Asian
2422,26_0_2_20170120134050439_00.png,Asian
2423,26_1_2_20170113000159185_00.png,Asian
2424,26_1_2_20170115235521886_00.png,Asian
2425,26_1_2_20170116161826427_00.png,Asian
2426,26_1_2_20170116161848983_00.png,Asian
2427,26_1_2_20170116161912952_00.png,Asian
2428,26_1_2_20170116162008791_00.png,Asian
2429,26_1_2_20170116162412165_00.png,Asian
2430,26_1_2_20170116163008149_00.png,Asian
2431,26_1_2_20170116163019946_00.png,Asian
2432,26_1_2_20170116163413372_00.png,Asian
2433,26_1_2_20170116163558042_00.png,Asian
2434,26_1_2_20170116163914678_00.png,Asian
2435,26_1_2_20170116163918033_00.png,Asian
2436,26_1_2_20170116164549452_00.png,Asian
2437,26_1_2_20170116171202584_00.png,Asian
2438,26_1_2_20170116173312689_00.png,Asian
2439,26_1_2_20170116173710627_00.png,Asian
2440,26_1_2_20170116175323304_00.png,Asian
2441,26_1_2_20170116175333732_00.png,Asian
2442,26_1_2_20170116175341740_00.png,Asian
2443,26_1_2_20170116175443429_00.png,Asian
2444,26_1_2_20170116175445643_00.png,Asian
2445,26_1_2_20170116175456595_00.png,Asian
2446,26_1_2_20170116175501158_00.png,Asian
2447,26_1_2_20170116175505151_00.png,Asian
2448,26_1_2_20170116175506863_00.png,Asian
2449,26_1_2_20170116175508654_00.png,Asian
2450,26_1_2_20170116175511254_00.png,Asian
2451,26_1_2_20170116175512769_00.png,Asian
2452,26_1_2_20170116175519439_00.png,Asian
2453,26_1_2_20170116175843334_00.png,Asian
2454,26_1_2_20170116175847741_00.png,Asian
2455,26_1_2_20170116175849328_00.png,Asian
2456,26_1_2_20170116175858597_00.png,Asian
2457,26_1_2_20170116175900172_00.png,Asian
2458,26_1_2_20170116175901780_00.png,Asian
2459,26_1_2_20170116175903368_00.png,Asian
2460,26_1_2_20170116175919039_00.png,Asian
2461,26_1_2_20170116175920746_00.png,Asian
2462,26_1_2_20170116175932810_00.png,Asian
2463,26_1_2_20170116175938987_00.png,Asian
2464,26_1_2_20170116175944209_00.png,Asian
2465,26_1_2_20170116175958704_00.png,Asian
2466,26_1_2_20170116180005797_00.png,Asian
2467,26_1_2_20170116180014046_00.png,Asian
2468,26_1_2_20170116180027456_00.png,Asian
2469,26_1_2_20170116180208093_00.png,Asian
2470,26_1_2_20170116180214166_00.png,Asian
2471,26_1_2_20170116180217943_00.png,Asian
2472,26_1_2_20170116180223543_00.png,Asian
2473,26_1_2_20170116180225994_00.png,Asian
2474,26_1_2_20170116180230472_00.png,Asian
2475,26_1_2_20170116180254435_00.png,Asian
2476,26_1_2_20170116180302912_00.png,Asian
2477,26_1_2_20170116180305369_00.png,Asian
2478,26_1_2_20170116180307033_00.png,Asian
2479,26_1_2_20170116180313693_00.png,Asian
2480,26_1_2_20170116180319469_00.png,Asian
2481,26_1_2_20170116180334106_00.png,Asian
2482,26_1_2_20170116180346479_00.png,Asian
2483,26_1_2_20170116180404568_00.png,Asian
2484,26_1_2_20170116180422018_00.png,Asian
2485,26_1_2_20170116180503250_00.png,Asian
2486,26_1_2_20170116180506806_00.png,Asian
2487,26_1_2_20170116180511245_00.png,Asian
2488,26_1_2_20170116180525400_00.png,Asian
2489,26_1_2_20170116180538949_00.png,Asian
2490,26_1_2_20170116180541533_00.png,Asian
2491,26_1_2_20170116180548534_00.png,Asian
2492,26_1_2_20170116180722613_00.png,Asian
2493,26_1_2_20170116180753524_00.png,Asian
2494,26_1_2_20170116180824329_00.png,Asian
2495,26_1_2_20170116180828579_00.png,Asian
2496,26_1_2_20170116180913581_00.png,Asian
2497,26_1_2_20170116181301976_00.png,Asian
2498,26_1_2_20170116182159301_00.png,Asian
2499,26_1_2_20170116182203278_00.png,Asian
2500,26_1_2_20170116182219997_00.png,Asian
2501,26_1_2_20170116182242873_00.png,Asian
2502,26_1_2_20170116182332585_00.png,Asian
2503,26_1_2_20170116182351803_00.png,Asian
2504,26_1_2_20170116182406083_00.png,Asian
2505,26_1_2_20170116182434267_00.png,Asian
2506,26_1_2_20170116182442130_00.png,Asian
2507,26_1_2_20170116182615565_00.png,Asian
2508,26_1_2_20170116182624014_00.png,Asian
2509,26_1_2_20170116183011989_00.png,Asian
2510,26_1_2_20170116183016628_00.png,Asian
2511,26_1_2_20170116183651297_00.png,Asian
2512,26_1_2_20170116183745463_00.png,Asian
2513,26_1_2_20170116183752068_00.png,Asian
2514,26_1_2_20170116183837275_00.png,Asian
2515,26_1_2_20170116184039763_00.png,Asian
2516,26_1_2_20170116184042449_00.png,Asian
2517,26_1_2_20170116184043483_00.png,Asian
2518,26_1_2_20170116184044516_00.png,Asian
2519,26_1_2_20170116184045356_00.png,Asian
2520,26_1_2_20170116184050204_00.png,Asian
2521,26_1_2_20170116184051103_00.png,Asian
2522,26_1_2_20170116184052021_00.png,Asian
2523,26_1_2_20170116184052988_00.png,Asian
2524,26_1_2_20170116184054722_00.png,Asian
2525,26_1_2_20170116184059994_00.png,Asian
2526,26_1_2_20170116184131117_00.png,Asian
2527,26_1_2_20170116184132900_00.png,Asian
2528,26_1_2_20170116184133814_00.png,Asian
2529,26_1_2_20170116184134921_00.png,Asian
2530,26_1_2_20170116184143860_00.png,Asian
2531,26_1_2_20170116184144892_00.png,Asian
2532,26_1_2_20170116184145692_00.png,Asian
2533,26_1_2_20170116184146454_00.png,Asian
2534,26_1_2_20170116184148142_00.png,Asian
2535,26_1_2_20170116184151568_00.png,Asian
2536,26_1_2_20170116184155381_00.png,Asian
2537,26_1_2_20170116184232333_00.png,Asian
2538,26_1_2_20170116184235976_00.png,Asian
2539,26_1_2_20170116184237219_00.png,Asian
2540,26_1_2_20170116184241642_00.png,Asian
2541,26_1_2_20170116184242565_00.png,Asian
2542,26_1_2_20170116184243456_00.png,Asian
2543,26_1_2_20170116184244368_00.png,Asian
2544,26_1_2_20170116184245342_00.png,Asian
2545,26_1_2_20170116184247227_00.png,Asian
2546,26_1_2_20170116184248014_00.png,Asian
2547,26_1_2_20170116184248819_00.png,Asian
2548,26_1_2_20170116184250474_00.png,Asian
2549,26_1_2_20170116184309896_00.png,Asian
2550,26_1_2_20170116184313292_00.png,Asian
2551,26_1_2_20170116184443484_00.png,Asian
2552,26_1_2_20170116184445597_00.png,Asian
2553,26_1_2_20170116184447374_00.png,Asian
2554,26_1_2_20170116184448240_00.png,Asian
2555,26_1_2_20170116184450443_00.png,Asian
2556,26_1_2_20170116184452642_00.png,Asian
2557,26_1_2_20170116184453651_00.png,Asian
2558,26_1_2_20170116184454934_00.png,Asian
2559,26_1_2_20170116184456081_00.png,Asian
2560,26_1_2_20170116184457094_00.png,Asian
2561,26_1_2_20170116184502052_00.png,Asian
2562,26_1_2_20170116184510768_00.png,Asian
2563,26_1_2_20170116184512597_00.png,Asian
2564,26_1_2_20170116184520573_00.png,Asian
2565,26_1_2_20170116184521807_00.png,Asian
2566,26_1_2_20170116184523693_00.png,Asian
2567,26_1_2_20170116184528621_00.png,Asian
2568,26_1_2_20170116184530259_00.png,Asian
2569,26_1_2_20170116184537798_00.png,Asian
2570,26_1_2_20170116184553462_00.png,Asian
2571,26_1_2_20170116184624186_00.png,Asian
2572,26_1_2_20170116184626759_00.png,Asian
2573,26_1_2_20170116184636519_00.png,Asian
2574,26_1_2_20170116184651548_00.png,Asian
2575,26_1_2_20170116184655060_00.png,Asian
2576,26_1_2_20170116184656151_00.png,Asian
2577,26_1_2_20170116184657144_00.png,Asian
2578,26_1_2_20170116184657842_00.png,Asian
2579,26_1_2_20170116184701683_00.png,Asian
2580,26_1_2_20170116184702571_00.png,Asian
2581,26_1_2_20170116184704425_00.png,Asian
2582,26_1_2_20170116184708173_00.png,Asian
2583,26_1_2_20170116184709433_00.png,Asian
2584,26_1_2_20170116184731471_00.png,Asian
2585,26_1_2_20170116184735190_00.png,Asian
2586,26_1_2_20170116184737269_00.png,Asian
2587,26_1_2_20170116184821778_00.png,Asian
2588,26_1_2_20170116184831737_00.png,Asian
2589,26_1_2_20170116192923098_00.png,Asian
2590,26_1_2_20170116220824205_00.png,Asian
2591,26_1_2_20170116220837093_00.png,Asian
2592,26_1_2_20170116234746730_00.png,Asian
2593,26_1_2_20170117141036153_00.png,Asian
2594,26_1_2_20170117154425237_00.png,Asian
2595,26_1_2_20170117154930236_00.png,Asian
2596,26_1_2_20170117174716222_00.png,Asian
2597,26_1_2_20170117175135184_00.png,Asian
2598,26_1_2_20170117201843503_00.png,Asian
2599,27_0_2_20170116161853757_00.png,Asian
2600,27_0_2_20170116161902902_00.png,Asian
2601,27_0_2_20170116161920941_00.png,Asian
2602,27_0_2_20170116162359452_00.png,Asian
2603,27_0_2_20170116163655761_00.png,Asian
2604,27_0_2_20170116165157609_00.png,Asian
2605,27_0_2_20170116165216481_00.png,Asian
2606,27_0_2_20170116165457643_00.png,Asian
2607,27_0_2_20170116170914365_00.png,Asian
2608,27_0_2_20170116171028124_00.png,Asian
2609,27_0_2_20170116172036208_00.png,Asian
2610,27_0_2_20170116172514816_00.png,Asian
2611,27_0_2_20170116172522727_00.png,Asian
2612,27_0_2_20170116172528863_00.png,Asian
2613,27_0_2_20170116172745659_00.png,Asian
2614,27_0_2_20170116173713171_00.png,Asian
2615,27_0_2_20170116174628743_00.png,Asian
2616,27_0_2_20170116184844591_00.png,Asian
2617,27_0_2_20170116184844591_01.png,Asian
2618,27_0_2_20170116184844591_02.png,Asian
2619,27_0_2_20170116184846062_00.png,Asian
2620,27_0_2_20170116193532653_00.png,Asian
2621,27_0_2_20170119193326050_00.png,Asian
2622,27_0_2_20170119193327146_00.png,Asian
2623,27_0_2_20170119193327962_00.png,Asian
2624,27_0_2_20170119193328922_00.png,Asian
2625,27_0_2_20170119193329569_00.png,Asian
2626,27_0_2_20170119193330242_00.png,Asian
2627,27_0_2_20170119193331082_00.png,Asian
2628,27_0_2_20170119193331714_00.png,Asian
2629,27_0_2_20170119193332498_00.png,Asian
2630,27_0_2_20170119193349130_00.png,Asian
2631,27_1_2_20170116162057519_00.png,Asian
2632,27_1_2_20170116162537496_00.png,Asian
2633,27_1_2_20170116162544980_00.png,Asian
2634,27_1_2_20170116162949938_00.png,Asian
2635,27_1_2_20170116163003893_00.png,Asian
2636,27_1_2_20170116163118798_00.png,Asian
2637,27_1_2_20170116163338293_00.png,Asian
2638,27_1_2_20170116163552814_00.png,Asian
2639,27_1_2_20170116163601765_00.png,Asian
2640,27_1_2_20170116163607756_00.png,Asian
2641,27_1_2_20170116163611289_00.png,Asian
2642,27_1_2_20170116163614840_00.png,Asian
2643,27_1_2_20170116163618474_00.png,Asian
2644,27_1_2_20170116163622032_00.png,Asian
2645,27_1_2_20170116163625314_00.png,Asian
2646,27_1_2_20170116163645443_00.png,Asian
2647,27_1_2_20170116163651888_00.png,Asian
2648,27_1_2_20170116163658895_00.png,Asian
2649,27_1_2_20170116163705155_00.png,Asian
2650,27_1_2_20170116163729639_00.png,Asian
2651,27_1_2_20170116163734036_00.png,Asian
2652,27_1_2_20170116163736839_00.png,Asian
2653,27_1_2_20170116163739668_00.png,Asian
2654,27_1_2_20170116163830302_00.png,Asian
2655,27_1_2_20170116163900043_00.png,Asian
2656,27_1_2_20170116165450739_00.png,Asian
2657,27_1_2_20170116165542007_00.png,Asian
2658,27_1_2_20170116165546386_00.png,Asian
2659,27_1_2_20170116165601873_00.png,Asian
2660,27_1_2_20170116165628229_00.png,Asian
2661,27_1_2_20170116165642633_00.png,Asian
2662,27_1_2_20170116165932169_00.png,Asian
2663,27_1_2_20170116165955213_00.png,Asian
2664,27_1_2_20170116165958195_00.png,Asian
2665,27_1_2_20170116170004947_00.png,Asian
2666,27_1_2_20170116170654971_00.png,Asian
2667,27_1_2_20170116170714855_00.png,Asian
2668,27_1_2_20170116170956198_00.png,Asian
2669,27_1_2_20170116171014589_00.png,Asian
2670,27_1_2_20170116171205598_00.png,Asian
2671,27_1_2_20170116171519019_00.png,Asian
2672,27_1_2_20170116171522295_00.png,Asian
2673,27_1_2_20170116171540755_00.png,Asian
2674,27_1_2_20170116171554313_00.png,Asian
2675,27_1_2_20170116171613640_00.png,Asian
2676,27_1_2_20170116171630835_00.png,Asian
2677,27_1_2_20170116171651433_00.png,Asian
2678,27_1_2_20170116171716287_00.png,Asian
2679,27_1_2_20170116172207087_00.png,Asian
2680,27_1_2_20170116172452183_00.png,Asian
2681,27_1_2_20170116172501420_00.png,Asian
2682,27_1_2_20170116172637915_00.png,Asian
2683,27_1_2_20170116172649981_00.png,Asian
2684,27_1_2_20170116172655057_00.png,Asian
2685,27_1_2_20170116172712326_00.png,Asian
2686,27_1_2_20170116172735343_00.png,Asian
2687,27_1_2_20170116173022576_00.png,Asian
2688,27_1_2_20170116173140813_00.png,Asian
2689,27_1_2_20170116173459838_00.png,Asian
2690,27_1_2_20170116175146257_00.png,Asian
2691,27_1_2_20170116175930683_00.png,Asian
2692,27_1_2_20170116184848621_00.png,Asian
2693,27_1_2_20170116184855653_00.png,Asian
2694,27_1_2_20170116190003226_00.png,Asian
2695,27_1_2_20170116192232693_00.png,Asian
2696,27_1_2_20170116192236533_00.png,Asian
2697,27_1_2_20170116192252052_00.png,Asian
2698,27_1_2_20170116194104406_00.png,Asian
2699,27_1_2_20170119193351465_00.png,Asian
2700,28_0_2_20170112213615815_00.png,Asian
2701,28_0_2_20170112213615815_01.png,Asian
2702,28_0_2_20170113190312841_00.png,Asian
2703,28_0_2_20170116162019874_00.png,Asian
2704,28_0_2_20170116162117606_00.png,Asian
2705,28_0_2_20170116162328748_00.png,Asian
2706,28_0_2_20170116162829960_00.png,Asian
2707,28_0_2_20170116163443678_00.png,Asian
2708,28_0_2_20170116163928068_00.png,Asian
2709,28_0_2_20170116164225550_00.png,Asian
2710,28_0_2_20170116164233720_00.png,Asian
2711,28_0_2_20170116164346840_00.png,Asian
2712,28_0_2_20170116164352558_00.png,Asian
2713,28_0_2_20170116165016235_00.png,Asian
2714,28_0_2_20170116170900610_00.png,Asian
2715,28_0_2_20170116172213528_00.png,Asian
2716,28_0_2_20170116175154482_00.png,Asian
2717,28_0_2_20170116180337639_00.png,Asian
2718,28_0_2_20170116190025951_00.png,Asian
2719,28_0_2_20170116190048260_00.png,Asian
2720,28_0_2_20170116190050357_00.png,Asian
2721,28_0_2_20170116190109349_00.png,Asian
2722,28_0_2_20170116191256645_00.png,Asian
2723,28_0_2_20170116191850216_00.png,Asian
2724,28_0_2_20170116192652371_00.png,Asian
2725,28_0_2_20170116192951554_00.png,Asian
2726,28_0_2_20170116193003015_00.png,Asian
2727,28_0_2_20170116214450969_00.png,Asian
2728,28_0_2_20170116220607771_00.png,Asian
2729,28_0_2_20170117020805001_00.png,Asian
2730,28_0_2_20170117135248701_00.png,Asian
2731,28_0_2_20170117141552570_00.png,Asian
2732,28_0_2_20170119180256157_00.png,Asian
2733,28_1_2_20170116161312148_00.png,Asian
2734,28_1_2_20170116161343328_00.png,Asian
2735,28_1_2_20170116161415319_00.png,Asian
2736,28_1_2_20170116161754709_00.png,Asian
2737,28_1_2_20170116161924643_00.png,Asian
2738,28_1_2_20170116161950375_00.png,Asian
2739,28_1_2_20170116162143001_00.png,Asian
2740,28_1_2_20170116162147060_00.png,Asian
2741,28_1_2_20170116162403898_00.png,Asian
2742,28_1_2_20170116162424590_00.png,Asian
2743,28_1_2_20170116162435106_00.png,Asian
2744,28_1_2_20170116162603184_00.png,Asian
2745,28_1_2_20170116162607800_00.png,Asian
2746,28_1_2_20170116162611736_00.png,Asian
2747,28_1_2_20170116162739672_00.png,Asian
2748,28_1_2_20170116162858818_00.png,Asian
2749,28_1_2_20170116162955090_00.png,Asian
2750,28_1_2_20170116163016525_00.png,Asian
2751,28_1_2_20170116163110033_00.png,Asian
2752,28_1_2_20170116163327403_00.png,Asian
2753,28_1_2_20170116163407435_00.png,Asian
2754,28_1_2_20170116163724905_00.png,Asian
2755,28_1_2_20170116163844508_00.png,Asian
2756,28_1_2_20170116163936289_00.png,Asian
2757,28_1_2_20170116164200987_00.png,Asian
2758,28_1_2_20170116164204569_00.png,Asian
2759,28_1_2_20170116164230103_00.png,Asian
2760,28_1_2_20170116164237338_00.png,Asian
2761,28_1_2_20170116164331837_00.png,Asian
2762,28_1_2_20170116164515900_00.png,Asian
2763,28_1_2_20170116164519017_00.png,Asian
2764,28_1_2_20170116164524917_00.png,Asian
2765,28_1_2_20170116164529258_00.png,Asian
2766,28_1_2_20170116164552683_00.png,Asian
2767,28_1_2_20170116164556009_00.png,Asian
2768,28_1_2_20170116164602956_00.png,Asian
2769,28_1_2_20170116164612760_00.png,Asian
2770,28_1_2_20170116164621666_00.png,Asian
2771,28_1_2_20170116164637415_00.png,Asian
2772,28_1_2_20170116164640416_00.png,Asian
2773,28_1_2_20170116164649902_00.png,Asian
2774,28_1_2_20170116164653714_00.png,Asian
2775,28_1_2_20170116164703724_00.png,Asian
2776,28_1_2_20170116164716297_00.png,Asian
2777,28_1_2_20170116164719711_00.png,Asian
2778,28_1_2_20170116164741320_00.png,Asian
2779,28_1_2_20170116164759142_00.png,Asian
2780,28_1_2_20170116165117020_00.png,Asian
2781,28_1_2_20170116165121497_00.png,Asian
2782,28_1_2_20170116165125979_00.png,Asian
2783,28_1_2_20170116165133825_00.png,Asian
2784,28_1_2_20170116165143580_00.png,Asian
2785,28_1_2_20170116165147900_00.png,Asian
2786,28_1_2_20170116165438870_00.png,Asian
2787,28_1_2_20170116165503355_00.png,Asian
2788,28_1_2_20170116165514344_00.png,Asian
2789,28_1_2_20170116165530274_00.png,Asian
2790,28_1_2_20170116165553955_00.png,Asian
2791,28_1_2_20170116165557121_00.png,Asian
2792,28_1_2_20170116165616595_00.png,Asian
2793,28_1_2_20170116165649025_00.png,Asian
2794,28_1_2_20170116165935678_00.png,Asian
2795,28_1_2_20170116170001611_00.png,Asian
2796,28_1_2_20170116170809755_00.png,Asian
2797,28_1_2_20170116170932358_00.png,Asian
2798,28_1_2_20170116170937606_00.png,Asian
2799,28_1_2_20170116171149086_00.png,Asian
2800,28_1_2_20170116171525335_00.png,Asian
2801,28_1_2_20170116171528109_00.png,Asian
2802,28_1_2_20170116171538104_00.png,Asian
2803,28_1_2_20170116171710952_00.png,Asian
2804,28_1_2_20170116172433974_00.png,Asian
2805,28_1_2_20170116172552663_00.png,Asian
2806,28_1_2_20170116172601009_00.png,Asian
2807,28_1_2_20170116175301913_00.png,Asian
2808,28_1_2_20170116175454615_00.png,Asian
2809,28_1_2_20170116175834466_00.png,Asian
2810,28_1_2_20170116175907657_00.png,Asian
2811,28_1_2_201701161846515488_00.png,Asian
2812,28_1_2_20170116184835533_00.png,Asian
2813,28_1_2_20170116190033925_00.png,Asian
2814,28_1_2_20170116190041109_00.png,Asian
2815,28_1_2_20170116190118355_00.png,Asian
2816,28_1_2_20170116190119282_00.png,Asian
2817,28_1_2_20170116190120209_00.png,Asian
2818,28_1_2_20170116190120925_00.png,Asian
2819,28_1_2_20170116190127787_00.png,Asian
2820,28_1_2_20170116190129400_00.png,Asian
2821,28_1_2_20170116190131133_00.png,Asian
2822,28_1_2_20170116190142300_00.png,Asian
2823,28_1_2_20170116190143221_00.png,Asian
2824,28_1_2_20170116192003103_00.png,Asian
2825,28_1_2_20170116192106479_00.png,Asian
2826,28_1_2_20170116192305668_00.png,Asian
2827,28_1_2_20170116192600926_00.png,Asian
2828,28_1_2_20170116192959114_00.png,Asian
2829,28_1_2_20170116222623761_00.png,Asian
2830,28_1_2_20170117142716618_00.png,Asian
2831,29_0_2_20170116161810177_00.png,Asian
2832,29_0_2_20170116162155755_00.png,Asian
2833,29_0_2_20170116163105337_00.png,Asian
2834,29_0_2_20170116163356668_00.png,Asian
2835,29_0_2_20170116163447230_00.png,Asian
2836,29_0_2_20170116163503418_00.png,Asian
2837,29_0_2_20170116163545392_00.png,Asian
2838,29_0_2_20170116170817714_00.png,Asian
2839,29_0_2_20170116172041615_00.png,Asian
2840,29_0_2_20170116172141170_00.png,Asian
2841,29_0_2_20170116173703903_00.png,Asian
2842,29_0_2_20170116182206717_00.png,Asian
2843,29_0_2_20170116190029257_00.png,Asian
2844,29_0_2_20170116190156845_00.png,Asian
2845,29_0_2_20170116192725270_00.png,Asian
2846,29_0_2_20170116193337129_00.png,Asian
2847,29_0_2_20170116205917784_00.png,Asian
2848,29_0_2_20170116214521042_00.png,Asian
2849,29_0_2_20170117130038591_00.png,Asian
2850,29_0_2_20170117180939947_00.png,Asian
2851,29_1_2_20170116161428854_00.png,Asian
2852,29_1_2_20170116161802325_00.png,Asian
2853,29_1_2_20170116162317216_00.png,Asian
2854,29_1_2_20170116162548806_00.png,Asian
2855,29_1_2_20170116162615509_00.png,Asian
2856,29_1_2_20170116162732878_00.png,Asian
2857,29_1_2_20170116162958843_00.png,Asian
2858,29_1_2_20170116163011756_00.png,Asian
2859,29_1_2_20170116163132225_00.png,Asian
2860,29_1_2_20170116163331282_00.png,Asian
2861,29_1_2_20170116163350492_00.png,Asian
2862,29_1_2_20170116163403273_00.png,Asian
2863,29_1_2_20170116163921292_00.png,Asian
2864,29_1_2_20170116164242023_00.png,Asian
2865,29_1_2_20170116164713504_00.png,Asian
2866,29_1_2_20170116164927601_00.png,Asian
2867,29_1_2_20170116164937910_00.png,Asian
2868,29_1_2_20170116164953746_00.png,Asian
2869,29_1_2_20170116165130095_00.png,Asian
2870,29_1_2_20170116165524217_00.png,Asian
2871,29_1_2_20170116165527351_00.png,Asian
2872,29_1_2_20170116171619907_00.png,Asian
2873,29_1_2_20170116172543850_00.png,Asian
2874,29_1_2_20170116173118658_00.png,Asian
2875,29_1_2_20170116173225104_00.png,Asian
2876,29_1_2_20170116174619470_00.png,Asian
2877,29_1_2_20170116191203271_00.png,Asian
2878,29_1_2_20170116191209449_00.png,Asian
2879,29_1_2_20170116191210967_00.png,Asian
2880,29_1_2_20170116191212709_00.png,Asian
2881,29_1_2_20170116192021943_00.png,Asian
2882,29_1_2_20170116192058227_00.png,Asian
2883,29_1_2_20170116192543424_00.png,Asian
2884,29_1_2_20170116220847352_00.png,Asian
2885,29_1_2_20170116220903106_00.png,Asian
2886,29_1_2_20170116223039250_00.png,Asian
2887,30_0_2_20170113132649300_00.png,Asian
2888,30_0_2_20170116163100468_00.png,Asian
2889,30_0_2_20170116163429712_00.png,Asian
2890,30_0_2_20170116163507732_00.png,Asian
2891,30_0_2_20170116164401454_00.png,Asian
2892,30_0_2_20170116164436658_00.png,Asian
2893,30_0_2_20170116164441153_00.png,Asian
2894,30_0_2_20170116165112157_00.png,Asian
2895,30_0_2_20170116165153226_00.png,Asian
2896,30_0_2_20170116170814123_00.png,Asian
2897,30_0_2_20170116170852517_00.png,Asian
2898,30_0_2_20170116171830989_00.png,Asian
2899,30_0_2_20170116172532435_00.png,Asian
2900,30_0_2_20170116172536135_00.png,Asian
2901,30_0_2_20170116172833941_00.png,Asian
2902,30_0_2_20170116172917302_00.png,Asian
2903,30_0_2_20170116172925949_00.png,Asian
2904,30_0_2_20170116173004384_00.png,Asian
2905,30_0_2_20170116173046870_00.png,Asian
2906,30_0_2_20170116173409625_00.png,Asian
2907,30_0_2_20170116173516742_00.png,Asian
2908,30_0_2_20170116173546862_00.png,Asian
2909,30_0_2_20170116173645203_00.png,Asian
2910,30_0_2_20170116173655735_00.png,Asian
2911,30_0_2_20170116173700119_00.png,Asian
2912,30_0_2_20170116174814595_00.png,Asian
2913,30_0_2_20170116180136075_00.png,Asian
2914,30_0_2_20170116180745378_00.png,Asian
2915,30_0_2_20170116181218736_00.png,Asian
2916,30_0_2_20170116181351185_00.png,Asian
2917,30_0_2_20170116191231876_00.png,Asian
2918,30_0_2_20170116192359839_00.png,Asian
2919,30_0_2_20170116192556571_00.png,Asian
2920,30_0_2_20170116192711273_00.png,Asian
2921,30_0_2_20170116192739617_00.png,Asian
2922,30_0_2_20170116193341533_00.png,Asian
2923,30_0_2_20170116193441821_00.png,Asian
2924,30_0_2_20170116193710051_00.png,Asian
2925,30_0_2_20170116193953384_00.png,Asian
2926,30_0_2_20170116194010019_00.png,Asian
2927,30_0_2_20170116223016131_00.png,Asian
2928,30_0_2_20170117134906136_00.png,Asian
2929,30_0_2_20170117141818577_00.png,Asian
2930,30_0_2_20170117142033818_00.png,Asian
2931,30_0_2_20170117144613825_00.png,Asian
2932,30_0_2_20170117181254308_00.png,Asian
2933,30_0_2_20170117181310236_00.png,Asian
2934,30_0_2_20170119151403775_00.png,Asian
2935,30_0_2_20170119183959989_00.png,Asian
2936,30_0_2_20170119204746406_00.png,Asian
2937,30_1_2_20170116161303257_00.png,Asian
2938,30_1_2_20170116161338805_00.png,Asian
2939,30_1_2_20170116161348207_00.png,Asian
2940,30_1_2_20170116161408096_00.png,Asian
2941,30_1_2_20170116161420356_00.png,Asian
2942,30_1_2_20170116161740145_00.png,Asian
2943,30_1_2_20170116161745991_00.png,Asian
2944,30_1_2_20170116162002429_00.png,Asian
2945,30_1_2_20170116162039101_00.png,Asian
2946,30_1_2_20170116162102874_00.png,Asian
2947,30_1_2_20170116162446989_00.png,Asian
2948,30_1_2_20170116162512345_00.png,Asian
2949,30_1_2_20170116162552501_00.png,Asian
2950,30_1_2_20170116162557654_00.png,Asian
2951,30_1_2_20170116162625578_00.png,Asian
2952,30_1_2_20170116163322535_00.png,Asian
2953,30_1_2_20170116163458646_00.png,Asian
2954,30_1_2_20170116163642750_00.png,Asian
2955,30_1_2_20170116163932623_00.png,Asian
2956,30_1_2_20170116163932623_01.png,Asian
2957,30_1_2_20170116164357135_00.png,Asian
2958,30_1_2_20170116164700568_00.png,Asian
2959,30_1_2_20170116164729972_00.png,Asian
2960,30_1_2_20170116164737724_00.png,Asian
2961,30_1_2_20170116165039591_00.png,Asian
2962,30_1_2_20170116165139757_00.png,Asian
2963,30_1_2_20170116165432533_00.png,Asian
2964,30_1_2_20170116170703197_00.png,Asian
2965,30_1_2_20170116171019788_00.png,Asian
2966,30_1_2_20170116171040262_00.png,Asian
2967,30_1_2_20170116174427095_00.png,Asian
2968,30_1_2_20170116174548024_00.png,Asian
2969,30_1_2_20170116174642075_00.png,Asian
2970,30_1_2_20170116180519798_00.png,Asian
2971,30_1_2_20170116180713266_00.png,Asian
2972,30_1_2_20170116184317110_00.png,Asian
2973,30_1_2_20170116184611730_00.png,Asian
2974,30_1_2_20170116191207397_00.png,Asian
2975,30_1_2_20170116191220057_00.png,Asian
2976,30_1_2_20170116191236376_00.png,Asian
2977,30_1_2_20170116191305000_00.png,Asian
2978,30_1_2_20170116191316723_00.png,Asian
2979,30_1_2_20170116191317558_00.png,Asian
2980,30_1_2_20170116191911487_00.png,Asian
2981,30_1_2_20170116191922002_00.png,Asian
2982,30_1_2_20170116192047079_00.png,Asian
2983,30_1_2_20170116192241195_00.png,Asian
2984,30_1_2_20170116192245601_00.png,Asian
2985,30_1_2_20170116192249012_00.png,Asian
2986,30_1_2_20170116192313635_00.png,Asian
2987,30_1_2_20170116192334382_00.png,Asian
2988,30_1_2_20170116192341274_00.png,Asian
2989,30_1_2_20170116192456158_00.png,Asian
2990,30_1_2_20170116192527784_00.png,Asian
2991,30_1_2_20170116192643744_00.png,Asian
2992,30_1_2_20170116201553981_00.png,Asian
2993,30_1_2_20170116201615061_00.png,Asian
2994,30_1_2_20170117091935370_00.png,Asian
2995,30_1_2_20170117092239284_00.png,Asian
2996,30_1_2_20170117131105589_00.png,Asian
2997,30_1_2_20170117134233879_00.png,Asian
2998,30_1_2_20170117141055697_00.png,Asian
2999,30_1_2_20170117142525729_00.png,Asian
3000,30_1_2_20170117142750698_00.png,Asian
3001,30_1_2_20170119150857103_00.png,Asian
3002,31_0_2_20170112191137663_00.png,Asian
3003,31_0_2_20170115205946148_00.png,Asian
3004,31_0_2_20170115231427920_00.png,Asian
3005,31_0_2_20170116170837254_00.png,Asian
3006,31_0_2_20170116170840810_00.png,Asian
3007,31_0_2_20170116170844078_00.png,Asian
3008,31_0_2_20170116170847276_00.png,Asian
3009,31_0_2_20170116170946512_00.png,Asian
3010,31_0_2_20170116183822859_00.png,Asian
3011,31_0_2_20170116191327593_00.png,Asian
3012,31_0_2_20170116191334762_00.png,Asian
3013,31_0_2_20170116191346864_00.png,Asian
3014,31_0_2_20170116191350922_00.png,Asian
3015,31_0_2_20170117120426927_00.png,Asian
3016,31_1_2_20170116170736523_00.png,Asian
3017,31_1_2_20170116191228244_00.png,Asian
3018,31_1_2_20170116191331056_00.png,Asian
3019,31_1_2_20170116191358099_00.png,Asian
3020,31_1_2_20170116191358955_00.png,Asian
3021,31_1_2_20170116191359803_00.png,Asian
3022,31_1_2_20170117164748522_00.png,Asian
3023,32_0_2_20170116162046640_00.png,Asian
3024,32_0_2_20170116162124916_00.png,Asian
3025,32_0_2_20170116162300011_00.png,Asian
3026,32_0_2_20170116162322805_00.png,Asian
3027,32_0_2_20170116162354491_00.png,Asian
3028,32_0_2_20170116163341710_00.png,Asian
3029,32_0_2_20170116163452816_00.png,Asian
3030,32_0_2_20170116164447916_00.png,Asian
3031,32_0_2_20170116164447916_01.png,Asian
3032,32_0_2_20170116165412041_00.png,Asian
3033,32_0_2_20170116173434115_00.png,Asian
3034,32_0_2_20170116180514896_00.png,Asian
3035,32_0_2_20170116182724023_00.png,Asian
3036,32_0_2_20170116183717004_00.png,Asian
3037,32_0_2_20170116184944206_00.png,Asian
3038,32_0_2_20170116190057472_00.png,Asian
3039,32_0_2_20170116191411640_00.png,Asian
3040,32_0_2_20170116191422270_00.png,Asian
3041,32_0_2_20170116191425413_00.png,Asian
3042,32_0_2_20170116191425413_01.png,Asian
3043,32_0_2_20170116191428705_00.png,Asian
3044,32_0_2_20170116191444550_00.png,Asian
3045,32_0_2_20170116191450850_00.png,Asian
3046,32_0_2_20170116191452915_00.png,Asian
3047,32_0_2_20170116193536503_00.png,Asian
3048,32_0_2_20170116193804883_00.png,Asian
3049,32_0_2_20170116201214616_00.png,Asian
3050,32_0_2_20170116221122729_00.png,Asian
3051,32_0_2_20170117120231708_00.png,Asian
3052,32_0_2_20170117133720063_00.png,Asian
3053,32_0_2_20170117133724452_00.png,Asian
3054,32_0_2_20170117134716913_00.png,Asian
3055,32_0_2_20170117182411900_00.png,Asian
3056,32_1_2_20170113002101524_00.png,Asian
3057,32_1_2_20170116162312021_00.png,Asian
3058,32_1_2_20170116163345446_00.png,Asian
3059,32_1_2_20170116164214489_00.png,Asian
3060,32_1_2_20170116164625227_00.png,Asian
3061,32_1_2_20170116174801584_00.png,Asian
3062,32_1_2_20170116175135519_00.png,Asian
3063,32_1_2_20170116180211518_00.png,Asian
3064,32_1_2_20170116180409929_00.png,Asian
3065,32_1_2_20170116180734484_00.png,Asian
3066,32_1_2_20170116181306891_00.png,Asian
3067,32_1_2_20170116182247033_00.png,Asian
3068,32_1_2_20170116182311157_00.png,Asian
3069,32_1_2_20170116184058376_00.png,Asian
3070,32_1_2_20170116184323930_00.png,Asian
3071,32_1_2_20170116185951847_00.png,Asian
3072,32_1_2_20170116185951847_01.png,Asian
3073,32_1_2_20170116190009032_00.png,Asian
3074,32_1_2_20170116190012513_00.png,Asian
3075,32_1_2_20170116190137074_00.png,Asian
3076,32_1_2_20170116190141356_00.png,Asian
3077,32_1_2_20170116190151626_00.png,Asian
3078,32_1_2_20170116191408835_00.png,Asian
3079,32_1_2_20170116191408835_01.png,Asian
3080,32_1_2_20170116191616216_00.png,Asian
3081,32_1_2_20170116191621268_00.png,Asian
3082,32_1_2_20170116191622164_00.png,Asian
3083,32_1_2_20170116192028254_00.png,Asian
3084,32_1_2_20170116205754287_00.png,Asian
3085,32_1_2_20170117134733341_00.png,Asian
3086,32_1_2_20170117134739830_00.png,Asian
3087,33_0_2_20170116191248459_00.png,Asian
3088,33_0_2_20170117182613892_00.png,Asian
3089,33_0_2_20170119163942412_00.png,Asian
3090,33_1_2_20170116191634811_00.png,Asian
3091,34_0_2_20170112205459219_00.png,Asian
3092,34_0_2_20170116191649461_00.png,Asian
3093,34_0_2_20170116193015006_00.png,Asian
3094,34_0_2_20170116193324984_00.png,Asian
3095,34_0_2_20170116193420245_00.png,Asian
3096,34_0_2_20170117182658629_00.png,Asian
3097,34_0_2_20170119165408941_00.png,Asian
3098,34_0_2_20170119200711947_00.png,Asian
3099,34_1_2_20170116171155691_00.png,Asian
3100,34_1_2_20170116191659122_00.png,Asian
3101,34_1_2_20170116193448303_00.png,Asian
3102,35_0_2_20170112215010390_00.png,Asian
3103,35_0_2_20170116161354789_00.png,Asian
3104,35_0_2_20170116161354789_01.png,Asian
3105,35_0_2_20170116161858517_00.png,Asian
3106,35_0_2_20170116164415437_00.png,Asian
3107,35_0_2_20170116164423714_00.png,Asian
3108,35_0_2_20170116164723099_00.png,Asian
3109,35_0_2_20170116165347849_00.png,Asian
3110,35_0_2_20170116172822574_00.png,Asian
3111,35_0_2_20170116172921158_00.png,Asian
3112,35_0_2_20170116172936477_00.png,Asian
3113,35_0_2_20170116172939892_00.png,Asian
3114,35_0_2_20170116172943457_00.png,Asian
3115,35_0_2_20170116173641544_00.png,Asian
3116,35_0_2_20170116173652735_00.png,Asian
3117,35_0_2_20170116175138888_00.png,Asian
3118,35_0_2_20170116180720126_00.png,Asian
3119,35_0_2_20170116181056835_00.png,Asian
3120,35_0_2_20170116181159415_00.png,Asian
3121,35_0_2_20170116181240160_00.png,Asian
3122,35_0_2_20170116182214766_00.png,Asian
3123,35_0_2_20170116182223485_00.png,Asian
3124,35_0_2_20170116182340066_00.png,Asian
3125,35_0_2_20170116182409965_00.png,Asian
3126,35_0_2_20170116182457063_00.png,Asian
3127,35_0_2_20170116184036787_00.png,Asian
3128,35_0_2_20170116190045902_00.png,Asian
3129,35_0_2_20170116191142333_00.png,Asian
3130,35_0_2_20170116191223232_00.png,Asian
3131,35_0_2_20170116191244597_00.png,Asian
3132,35_0_2_20170116191718734_00.png,Asian
3133,35_0_2_20170116191758774_00.png,Asian
3134,35_0_2_20170116191801122_00.png,Asian
3135,35_0_2_20170116191807393_00.png,Asian
3136,35_0_2_20170116191853753_00.png,Asian
3137,35_0_2_20170116192510762_00.png,Asian
3138,35_0_2_20170116201218449_00.png,Asian
3139,35_0_2_20170116233726860_00.png,Asian
3140,35_0_2_20170117122032979_00.png,Asian
3141,35_0_2_20170117135017903_00.png,Asian
3142,35_0_2_20170117135233576_00.png,Asian
3143,35_0_2_20170117140448176_00.png,Asian
3144,35_0_2_20170117154550028_00.png,Asian
3145,35_0_2_20170117173352860_00.png,Asian
3146,35_0_2_20170117175222858_00.png,Asian
3147,35_0_2_20170117182954110_00.png,Asian
3148,35_0_2_20170117190149081_00.png,Asian
3149,35_0_2_20170117191008778_00.png,Asian
3150,35_0_2_20170117191628620_00.png,Asian
3151,35_0_2_20170117191648050_00.png,Asian
3152,35_0_2_20170119180256157_00.png,Asian
3153,35_0_2_20170119193316562_00.png,Asian
3154,35_1_2_20170112191512046_00.png,Asian
3155,35_1_2_20170116164245925_00.png,Asian
3156,35_1_2_20170116164633129_00.png,Asian
3157,35_1_2_20170116164706883_00.png,Asian
3158,35_1_2_20170116164727094_00.png,Asian
3159,35_1_2_20170116165645870_00.png,Asian
3160,35_1_2_20170116175203095_00.png,Asian
3161,35_1_2_20170116180021408_00.png,Asian
3162,35_1_2_20170116180021408_01.png,Asian
3163,35_1_2_20170116180729528_00.png,Asian
3164,35_1_2_20170116181314698_00.png,Asian
3165,35_1_2_20170116183728469_00.png,Asian
3166,35_1_2_20170116184621951_00.png,Asian
3167,35_1_2_20170116185947151_00.png,Asian
3168,35_1_2_20170116191223232_00.png,Asian
3169,35_1_2_20170116191706178_00.png,Asian
3170,35_1_2_20170116191708474_00.png,Asian
3171,35_1_2_20170116191713117_00.png,Asian
3172,35_1_2_20170116191722656_00.png,Asian
3173,35_1_2_20170116191815209_00.png,Asian
3174,35_1_2_20170116191840543_00.png,Asian
3175,35_1_2_20170116191841660_00.png,Asian
3176,35_1_2_20170116191842610_00.png,Asian
3177,35_1_2_20170116191843657_00.png,Asian
3178,35_1_2_20170116191905052_00.png,Asian
3179,35_1_2_20170117092216605_00.png,Asian
3180,35_1_2_20170117123949303_00.png,Asian
3181,35_1_2_20170117183042510_00.png,Asian
3182,35_1_2_20170117183050262_00.png,Asian
3183,35_1_2_20170119200923012_00.png,Asian
3184,36_0_2_20170116191916920_00.png,Asian
3185,36_0_2_20170116191926914_00.png,Asian
3186,36_0_2_20170116191934567_00.png,Asian
3187,36_0_2_20170116191943513_00.png,Asian
3188,36_1_2_20170115234956957_00.png,Asian
3189,36_1_2_20170119164406148_00.png,Asian
3190,37_0_2_20170116184903745_00.png,Asian
3191,37_0_2_20170116184924251_00.png,Asian
3192,37_0_2_20170116184939699_00.png,Asian
3193,37_0_2_20170116184948230_00.png,Asian
3194,37_0_2_20170116184952701_00.png,Asian
3195,37_0_2_20170116185935425_00.png,Asian
3196,37_0_2_20170116192009515_00.png,Asian
3197,37_0_2_20170116192031601_00.png,Asian
3198,37_0_2_20170116192041226_00.png,Asian
3199,37_0_2_20170116192043134_00.png,Asian
3200,37_0_2_20170117135956305_00.png,Asian
3201,37_0_2_20170117140013545_00.png,Asian
3202,37_0_2_20170119193336730_00.png,Asian
3203,37_0_2_20170119193342866_00.png,Asian
3204,37_0_2_20170119193347850_00.png,Asian
3205,37_1_2_20170116184911351_00.png,Asian
3206,37_1_2_20170116192038085_00.png,Asian
3207,38_0_2_20170116162307374_00.png,Asian
3208,38_0_2_20170116165202051_00.png,Asian
3209,38_0_2_20170116172828624_00.png,Asian
3210,38_0_2_20170116173400198_00.png,Asian
3211,38_0_2_20170116175206365_00.png,Asian
3212,38_0_2_20170116192308542_00.png,Asian
3213,38_0_2_20170116192316995_00.png,Asian
3214,38_0_2_20170116192319328_00.png,Asian
3215,38_0_2_20170117120432535_00.png,Asian
3216,38_0_2_20170119193322618_00.png,Asian
3217,38_0_2_20170120220104632_00.png,Asian
3218,38_1_2_20170113190418047_00.png,Asian
3219,38_1_2_20170116153446750_00.png,Asian
3220,38_1_2_20170116161943473_00.png,Asian
3221,38_1_2_20170116162028800_00.png,Asian
3222,38_1_2_20170116164609841_00.png,Asian
3223,38_1_2_20170116222652503_00.png,Asian
3224,39_0_2_20170116192518885_00.png,Asian
3225,39_0_2_20170116192520700_00.png,Asian
3226,39_0_2_20170117154247371_00.png,Asian
3227,39_0_2_20170117154429963_00.png,Asian
3228,39_0_2_20170117172557625_00.png,Asian
3229,39_0_2_20170117185137809_00.png,Asian
3230,39_1_2_20170116164304221_00.png,Asian
3231,39_1_2_20170116192459890_00.png,Asian
3232,39_1_2_20170117154228051_00.png,Asian
3233,40_0_2_20170113190355448_00.png,Asian
3234,40_0_2_20170113190426313_00.png,Asian
3235,40_0_2_20170116162129430_00.png,Asian
3236,40_0_2_20170116173555334_00.png,Asian
3237,40_0_2_20170116173559756_00.png,Asian
3238,40_0_2_20170116173649775_00.png,Asian
3239,40_0_2_20170116174744815_00.png,Asian
3240,40_0_2_20170116180919548_00.png,Asian
3241,40_0_2_20170116181205807_00.png,Asian
3242,40_0_2_20170116181214637_00.png,Asian
3243,40_0_2_20170116181234709_00.png,Asian
3244,40_0_2_20170116181243263_00.png,Asian
3245,40_0_2_20170116181335777_00.png,Asian
3246,40_0_2_20170116181341336_00.png,Asian
3247,40_0_2_20170116183858838_00.png,Asian
3248,40_0_2_20170116191354067_00.png,Asian
3249,40_0_2_20170116191415693_00.png,Asian
3250,40_0_2_20170116191432618_00.png,Asian
3251,40_0_2_20170116191436037_00.png,Asian
3252,40_0_2_20170116191822336_00.png,Asian
3253,40_0_2_20170116191940772_00.png,Asian
3254,40_0_2_20170116192534886_00.png,Asian
3255,40_0_2_20170116193717434_00.png,Asian
3256,40_0_2_20170116204150057_00.png,Asian
3257,40_0_2_20170116222054321_00.png,Asian
3258,40_0_2_20170116222954442_00.png,Asian
3259,40_0_2_20170116232918443_00.png,Asian
3260,40_0_2_20170116233718823_00.png,Asian
3261,40_0_2_20170117000400201_00.png,Asian
3262,40_0_2_20170117001148193_00.png,Asian
3263,40_0_2_20170117135432344_00.png,Asian
3264,40_0_2_20170117154534091_00.png,Asian
3265,40_0_2_20170117155231261_00.png,Asian
3266,40_1_2_20170116161916676_00.png,Asian
3267,40_1_2_20170116161936667_00.png,Asian
3268,40_1_2_20170116161954400_00.png,Asian
3269,40_1_2_20170116162621368_00.png,Asian
3270,40_1_2_20170116163713862_00.png,Asian
3271,40_1_2_20170116163713862_01.png,Asian
3272,40_1_2_20170116164250912_00.png,Asian
3273,40_1_2_20170116164254791_00.png,Asian
3274,40_1_2_20170116164709968_00.png,Asian
3275,40_1_2_20170116180536184_00.png,Asian
3276,40_1_2_20170116183042122_00.png,Asian
3277,40_1_2_20170116183756243_00.png,Asian
3278,40_1_2_20170116191614819_00.png,Asian
3279,40_1_2_20170116191629950_00.png,Asian
3280,40_1_2_20170116191703413_00.png,Asian
3281,40_1_2_20170116191811650_00.png,Asian
3282,40_1_2_20170116222648635_00.png,Asian
3283,40_1_2_20170117121945324_00.png,Asian
3284,40_1_2_20170117175140261_00.png,Asian
3285,41_0_2_20170116192329504_00.png,Asian
3286,41_0_2_20170116192512743_00.png,Asian
3287,41_0_2_20170117154704827_00.png,Asian
3288,41_1_2_20170116193738910_00.png,Asian
3289,42_0_2_20170112192928782_00.png,Asian
3290,42_0_2_20170112192934683_00.png,Asian
3291,42_0_2_20170112215219256_00.png,Asian
3292,42_0_2_20170112215341080_00.png,Asian
3293,42_0_2_20170112215350320_00.png,Asian
3294,42_0_2_20170116192551178_00.png,Asian
3295,42_0_2_20170117130543345_00.png,Asian
3296,42_0_2_20170119204318272_00.png,Asian
3297,42_1_2_20170116161958086_00.png,Asian
3298,42_1_2_20170116162349143_00.png,Asian
3299,42_1_2_20170116184651548_00.png,Asian
3300,43_0_2_20170112220312529_00.png,Asian
3301,43_0_2_20170116192612780_00.png,Asian
3302,43_0_2_20170117134842975_00.png,Asian
3303,43_0_2_20170117140033069_00.png,Asian
3304,43_1_2_20170116162034067_00.png,Asian
3305,44_0_2_20170116193010589_00.png,Asian
3306,44_0_2_20170119184036351_00.png,Asian
3307,45_0_2_20170112205737971_00.png,Asian
3308,45_0_2_20170112214906872_00.png,Asian
3309,45_0_2_20170112215145176_00.png,Asian
3310,45_0_2_20170116163531048_00.png,Asian
3311,45_0_2_20170116164410975_00.png,Asian
3312,45_0_2_20170116182728525_00.png,Asian
3313,45_0_2_20170116183829254_00.png,Asian
3314,45_0_2_20170117153932735_00.png,Asian
3315,45_0_2_20170117183529862_00.png,Asian
3316,45_0_2_20170119184048431_00.png,Asian
3317,45_0_2_20170120222541001_00.png,Asian
3318,45_1_2_20170116001025936_00.png,Asian
3319,46_0_2_20170112220255503_00.png,Asian
3320,46_0_2_20170116173625939_00.png,Asian
3321,46_0_2_20170116192700927_00.png,Asian
3322,46_0_2_20170116224908862_00.png,Asian
3323,47_0_2_20170112220340617_00.png,Asian
3324,47_0_2_20170116183829254_00.png,Asian
3325,47_0_2_20170116184928912_00.png,Asian
3326,47_0_2_20170116184935713_00.png,Asian
3327,48_0_2_20170117160456200_00.png,Asian
3328,48_0_2_20170117160518496_00.png,Asian
3329,50_0_2_20170112220425641_00.png,Asian
3330,50_0_2_20170112220437210_00.png,Asian
3331,50_0_2_20170116163531048_00.png,Asian
3332,50_0_2_20170116172953191_00.png,Asian
3333,50_0_2_20170116173533123_00.png,Asian
3334,50_0_2_20170116173539623_00.png,Asian
3335,50_0_2_20170116174343792_00.png,Asian
3336,50_0_2_20170116175209803_00.png,Asian
3337,50_0_2_20170116192850841_00.png,Asian
3338,50_0_2_20170117000150652_00.png,Asian
3339,50_0_2_20170117154145796_00.png,Asian
3340,50_0_2_20170117160616344_00.png,Asian
3341,50_0_2_20170119205049471_00.png,Asian
3342,50_1_2_20170116173220910_00.png,Asian
3343,51_0_2_20170112202949866_00.png,Asian
3344,51_0_2_20170116192859594_00.png,Asian
3345,52_0_2_20170112220444687_00.png,Asian
3346,52_0_2_20170116183811379_00.png,Asian
3347,52_0_2_20170116191323693_00.png,Asian
3348,52_0_2_20170116192904934_00.png,Asian
3349,52_0_2_20170117161035782_00.png,Asian
3350,52_1_2_20170112205146963_00.png,Asian
3351,52_1_2_20170116183832074_00.png,Asian
3352,53_0_2_20170112215433623_00.png,Asian
3353,53_0_2_20170112221930338_00.png,Asian
3354,53_0_2_20170116192925824_00.png,Asian
3355,53_0_2_20170119205816456_00.png,Asian
3356,54_0_2_20170112221955514_00.png,Asian
3357,54_0_2_20170112222125722_00.png,Asian
3358,54_0_2_20170116193316730_00.png,Asian
3359,54_0_2_20170116193431300_00.png,Asian
3360,54_0_2_20170116193435159_00.png,Asian
3361,54_0_2_20170116193514951_00.png,Asian
3362,54_0_2_20170117171429994_00.png,Asian
3363,54_0_2_20170119210027776_00.png,Asian
3364,54_0_2_20170120223248924_00.png,Asian
3365,54_1_2_20170116192942952_00.png,Asian
3366,54_1_2_20170116193018666_00.png,Asian
3367,54_1_2_20170116193506567_00.png,Asian
3368,55_0_2_20170112205229451_00.png,Asian
3369,55_0_2_20170112222313915_00.png,Asian
3370,55_0_2_20170112223845572_00.png,Asian
3371,55_0_2_20170116172931526_00.png,Asian
3372,55_0_2_20170117172114356_00.png,Asian
3373,55_0_2_20170117181154412_00.png,Asian
3374,55_1_2_20170116193523524_00.png,Asian
3375,56_0_2_20170112205301691_00.png,Asian
3376,56_0_2_20170112215424904_00.png,Asian
3377,56_0_2_20170112221925748_00.png,Asian
3378,56_0_2_20170112224648906_00.png,Asian
3379,56_0_2_20170119180737540_00.png,Asian
3380,56_0_2_20170120221539141_00.png,Asian
3381,56_1_2_20170116235343595_00.png,Asian
3382,57_1_2_20170116192548730_00.png,Asian
3383,58_0_2_20170112205242580_00.png,Asian
3384,58_0_2_20170112205513042_00.png,Asian
3385,58_0_2_20170112222056864_00.png,Asian
3386,58_0_2_20170116193604774_00.png,Asian
3387,58_0_2_20170116193608936_00.png,Asian
3388,58_0_2_20170116193610463_00.png,Asian
3389,58_0_2_20170116193704928_00.png,Asian
3390,58_0_2_20170116193704928_01.png,Asian
3391,58_0_2_20170116193712612_00.png,Asian
3392,58_0_2_20170116193724888_00.png,Asian
3393,58_0_2_20170117153650893_00.png,Asian
3394,59_0_2_20170113190433215_00.png,Asian
3395,60_0_2_20170112205517100_00.png,Asian
3396,60_0_2_20170112222005682_00.png,Asian
3397,60_0_2_20170112222017258_00.png,Asian
3398,60_0_2_20170116182704682_00.png,Asian
3399,60_0_2_20170116191403867_00.png,Asian
3400,60_0_2_20170116192532074_00.png,Asian
3401,60_0_2_20170116192628656_00.png,Asian
3402,60_0_2_20170116192718318_00.png,Asian
3403,60_0_2_20170116193528583_00.png,Asian
3404,60_0_2_20170116235410721_00.png,Asian
3405,60_0_2_20170117162755515_00.png,Asian
3406,60_0_2_20170117171420930_00.png,Asian
3407,60_0_2_20170120221617188_00.png,Asian
3408,60_0_2_20170120221617188_01.png,Asian
3409,60_0_2_20170120223504413_00.png,Asian
3410,60_1_2_20170116192433309_00.png,Asian
3411,61_0_2_20170112205237140_00.png,Asian
3412,61_0_2_20170112205453108_00.png,Asian
3413,61_0_2_20170112205734347_00.png,Asian
3414,61_0_2_20170112224215755_00.png,Asian
3415,61_0_2_20170112224217444_00.png,Asian
3416,61_0_2_20170112224233965_00.png,Asian
3417,61_0_2_20170112224245939_00.png,Asian
3418,61_0_2_20170112224332508_00.png,Asian
3419,61_0_2_20170116183826361_00.png,Asian
3420,61_0_2_20170116191832323_00.png,Asian
3421,61_0_2_20170116193733096_00.png,Asian
3422,61_1_2_20170117123801917_00.png,Asian
3423,62_0_2_20170112205718780_00.png,Asian
3424,62_0_2_20170112220447152_00.png,Asian
3425,62_0_2_20170112223958141_00.png,Asian
3426,62_1_2_20170116191832323_00.png,Asian
3427,63_0_2_20170112223914372_00.png,Asian
3428,63_0_2_20170112224412180_00.png,Asian
3429,63_0_2_20170112224418403_00.png,Asian
3430,64_0_2_20170112224203683_00.png,Asian
3431,64_0_2_20170116193321184_00.png,Asian
3432,64_0_2_20170116193332398_00.png,Asian
3433,64_0_2_20170116193425715_00.png,Asian
3434,65_0_2_20170112205356788_00.png,Asian
3435,65_0_2_20170112205504482_00.png,Asian
3436,65_0_2_20170112220433521_00.png,Asian
3437,65_0_2_20170112223820339_00.png,Asian
3438,65_0_2_20170112223941923_00.png,Asian
3439,65_0_2_20170112223951171_00.png,Asian
3440,65_0_2_20170112224011835_00.png,Asian
3441,65_0_2_20170112224014771_00.png,Asian
3442,65_0_2_20170116233005621_00.png,Asian
3443,65_0_2_20170117191803139_00.png,Asian
3444,65_0_2_20170119205814303_00.png,Asian
3445,65_0_2_20170120223049075_00.png,Asian
3446,67_0_2_20170112224629884_00.png,Asian
3447,67_0_2_20170116193956693_00.png,Asian
3448,68_0_2_20170112224243075_00.png,Asian
3449,68_0_2_20170116193548368_00.png,Asian
3450,68_0_2_20170116193554465_00.png,Asian
3451,68_0_2_20170116193600328_00.png,Asian
3452,68_0_2_20170116193700812_00.png,Asian
3453,69_1_2_20170112222253554_00.png,Asian
3454,70_0_2_20170116192621613_00.png,Asian
3455,71_0_2_20170112224020396_00.png,Asian
3456,71_0_2_20170112224258484_00.png,Asian
3457,72_0_2_20170112205233684_00.png,Asian
3458,72_0_2_20170112205305186_00.png,Asian
3459,72_0_2_20170112205400276_00.png,Asian
3460,72_0_2_20170112223906858_00.png,Asian
3461,72_0_2_20170112223925555_00.png,Asian
3462,72_0_2_20170112223945402_00.png,Asian
3463,72_0_2_20170112224343210_00.png,Asian
3464,72_0_2_20170112224532491_00.png,Asian
3465,73_0_2_20170112224711435_00.png,Asian
3466,75_0_2_20170112202930960_00.png,Asian
3467,75_0_2_20170112205312755_00.png,Asian
3468,75_0_2_20170112205449036_00.png,Asian
3469,75_0_2_20170112211826867_00.png,Asian
3470,75_0_2_20170112220429241_00.png,Asian
3471,75_0_2_20170112220535400_00.png,Asian
3472,75_0_2_20170112220538967_00.png,Asian
3473,75_0_2_20170112222028563_00.png,Asian
3474,75_0_2_20170112223856420_00.png,Asian
3475,75_0_2_20170112224221075_00.png,Asian
3476,75_0_2_20170112224347901_00.png,Asian
3477,75_0_2_20170113174659450_00.png,Asian
3478,75_1_2_20170112224034603_00.png,Asian
3479,76_0_2_20170112204914106_00.png,Asian
3480,76_0_2_20170112205407108_00.png,Asian
3481,76_0_2_20170112205622556_00.png,Asian
3482,76_0_2_20170112224008292_00.png,Asian
3483,76_0_2_20170112224304323_00.png,Asian
3484,76_0_2_20170112224634252_00.png,Asian
3485,76_0_2_20170117194539514_00.png,Asian
3486,76_1_2_20170112205409556_00.png,Asian
3487,77_0_2_20170112205445618_00.png,Asian
3488,77_0_2_20170112220236152_00.png,Asian
3489,77_0_2_20170112224640564_00.png,Asian
3490,77_0_2_20170112224733518_00.png,Asian
3491,77_0_2_20170112224733518_01.png,Asian
3492,78_0_2_20170112205258396_00.png,Asian
3493,78_0_2_20170112205320579_00.png,Asian
3494,78_0_2_20170112215118168_00.png,Asian
3495,78_0_2_20170112220542632_00.png,Asian
3496,78_0_2_20170112222034500_00.png,Asian
3497,78_0_2_20170112222045626_00.png,Asian
3498,78_0_2_20170112224416258_00.png,Asian
3499,78_0_2_20170112224428293_00.png,Asian
3500,78_0_2_20170112224456107_00.png,Asian
3501,78_0_2_20170112224637483_00.png,Asian
3502,78_1_2_20170112205322682_00.png,Asian
3503,79_0_2_20170112223937939_00.png,Asian
3504,79_0_2_20170112224730972_00.png,Asian
3505,79_0_2_20170116194001100_00.png,Asian
3506,80_0_2_20170112205309435_00.png,Asian
3507,80_0_2_20170112215149951_00.png,Asian
3508,80_0_2_20170112220346479_00.png,Asian
3509,80_0_2_20170112224207667_00.png,Asian
3510,80_0_2_20170112224311842_00.png,Asian
3511,80_0_2_20170112224352147_00.png,Asian
3512,80_0_2_20170112224358076_00.png,Asian
3513,80_0_2_20170112224623307_00.png,Asian
3514,80_1_2_20170119211723865_00.png,Asian
3515,80_1_2_20170120223552933_00.png,Asian
3516,82_0_2_20170112205224683_00.png,Asian
3517,82_0_2_20170112222041385_00.png,Asian
3518,82_0_2_20170112224024582_00.png,Asian
3519,82_0_2_20170112224626730_00.png,Asian
3520,83_0_2_20170112223921515_00.png,Asian
3521,83_0_2_20170112224652531_00.png,Asian
3522,84_1_2_20170120225608458_00.png,Asian
3523,85_0_2_20170112224145130_00.png,Asian
3524,85_0_2_20170112224212748_00.png,Asian
3525,85_0_2_20170112224655914_00.png,Asian
3526,85_1_2_20170120230102370_00.png,Asian
3527,86_0_2_20170112220210391_00.png,Asian
3528,86_0_2_20170112224559130_00.png,Asian
3529,86_1_2_20170112215418656_00.png,Asian
3530,86_1_2_20170112224133563_00.png,Asian
3531,86_1_2_20170120230217673_00.png,Asian
3532,88_0_2_20170112222049576_00.png,Asian
3533,88_0_2_20170112223932900_00.png,Asian
3534,88_0_2_20170112224251748_00.png,Asian
3535,89_0_2_20170112220351776_00.png,Asian
3536,89_0_2_20170112224513149_00.png,Asian
3537,89_1_2_20170112224524948_00.png,Asian
3538,90_0_2_20170112224517852_00.png,Asian
3539,90_0_2_20170112224606516_00.png,Asian
3540,95_1_2_20170112224548347_00.png,Asian
3541,95_1_2_20170120225327083_00.png,Asian
3542,99_1_2_20170117195405372_00.png,Asian
3543,23_1_3_20170119164541157_00.png,Indian
3544,23_1_3_20170119164542581_00.png,Indian
3545,23_1_3_20170119164543837_00.png,Indian
3546,23_1_3_20170119164545181_00.png,Indian
3547,23_1_3_20170119164546693_00.png,Indian
3548,23_1_3_20170119164548942_00.png,Indian
3549,23_1_3_20170119164550198_00.png,Indian
3550,23_1_3_20170119164552438_00.png,Indian
3551,23_1_3_20170119164553534_00.png,Indian
3552,23_1_3_20170119164555733_00.png,Indian
3553,23_1_3_20170119164557957_00.png,Indian
3554,23_1_3_20170119164559398_00.png,Indian
3555,23_1_3_20170119164602781_00.png,Indian
3556,23_1_3_20170119164605108_00.png,Indian
3557,23_1_3_20170119164606005_00.png,Indian
3558,24_0_3_20170119144739660_00.png,Indian
3559,24_0_3_20170119150342598_00.png,Indian
3560,24_0_3_20170119150647534_00.png,Indian
3561,24_0_3_20170119152239904_00.png,Indian
3562,24_0_3_20170119160307619_00.png,Indian
3563,24_0_3_20170119164606886_00.png,Indian
3564,24_0_3_20170119164638750_00.png,Indian
3565,24_0_3_20170119164640038_00.png,Indian
3566,24_0_3_20170119164640918_00.png,Indian
3567,24_0_3_20170119164647197_00.png,Indian
3568,24_0_3_20170119164654087_00.png,Indian
3569,24_0_3_20170119164713030_00.png,Indian
3570,24_0_3_20170119165416686_00.png,Indian
3571,24_0_3_20170119165522935_00.png,Indian
3572,24_0_3_20170119165628798_00.png,Indian
3573,24_0_3_20170119165641406_00.png,Indian
3574,24_0_3_20170119165651324_00.png,Indian
3575,24_0_3_20170119165712654_00.png,Indian
3576,24_0_3_20170119165750589_00.png,Indian
3577,24_0_3_20170119165805454_00.png,Indian
3578,24_0_3_20170119165827320_00.png,Indian
3579,24_0_3_20170119165839727_00.png,Indian
3580,24_0_3_20170119165927582_00.png,Indian
3581,24_0_3_20170119165932823_00.png,Indian
3582,24_0_3_20170119165935686_00.png,Indian
3583,24_0_3_20170119165947103_00.png,Indian
3584,24_0_3_20170119165948191_00.png,Indian
3585,24_0_3_20170120133910528_00.png,Indian
3586,24_0_3_20170120133949638_00.png,Indian
3587,24_1_3_20170119152515392_00.png,Indian
3588,24_1_3_20170119152746104_00.png,Indian
3589,24_1_3_20170119155454786_00.png,Indian
3590,24_1_3_20170119155747715_00.png,Indian
3591,24_1_3_20170119164644510_00.png,Indian
3592,24_1_3_20170119164716909_00.png,Indian
3593,24_1_3_20170119164720463_00.png,Indian
3594,24_1_3_20170119165246847_00.png,Indian
3595,24_1_3_20170119165453847_00.png,Indian
3596,24_1_3_20170119165459567_00.png,Indian
3597,24_1_3_20170119165528950_00.png,Indian
3598,24_1_3_20170119165918215_00.png,Indian
3599,24_1_3_20170119165930967_00.png,Indian
3600,24_1_3_20170119165945055_00.png,Indian
3601,24_1_3_20170119170547814_00.png,Indian
3602,24_1_3_20170119170555590_00.png,Indian
3603,24_1_3_20170119170559575_00.png,Indian
3604,24_1_3_20170119170600774_00.png,Indian
3605,24_1_3_20170119170901622_00.png,Indian
3606,24_1_3_20170119170909047_00.png,Indian
3607,24_1_3_20170119170911086_00.png,Indian
3608,24_1_3_20170119170926830_00.png,Indian
3609,24_1_3_20170119171007670_00.png,Indian
3610,24_1_3_20170119171011143_00.png,Indian
3611,24_1_3_20170119171014400_00.png,Indian
3612,24_1_3_20170119171016977_00.png,Indian
3613,24_1_3_20170119171019536_00.png,Indian
3614,24_1_3_20170119171020639_00.png,Indian
3615,24_1_3_20170119171022544_00.png,Indian
3616,24_1_3_20170119171023503_00.png,Indian
3617,24_1_3_20170119171035080_00.png,Indian
3618,24_1_3_20170119171037624_00.png,Indian
3619,24_1_3_20170119171038711_00.png,Indian
3620,24_1_3_20170119171101656_00.png,Indian
3621,24_1_3_20170119171103008_00.png,Indian
3622,24_1_3_20170119171104024_00.png,Indian
3623,24_1_3_20170119171104872_00.png,Indian
3624,24_1_3_20170119171105800_00.png,Indian
3625,24_1_3_20170119171106744_00.png,Indian
3626,24_1_3_20170119171107656_00.png,Indian
3627,24_1_3_20170119171108432_00.png,Indian
3628,24_1_3_20170119171109382_00.png,Indian
3629,25_0_3_20170119144441117_00.png,Indian
3630,25_0_3_20170119144603197_00.png,Indian
3631,25_0_3_20170119144812749_00.png,Indian
3632,25_0_3_20170119150353974_00.png,Indian
3633,25_0_3_20170119150637166_00.png,Indian
3634,25_0_3_20170119152752375_00.png,Indian
3635,25_0_3_20170119152931512_00.png,Indian
3636,25_0_3_20170119153018897_00.png,Indian
3637,25_0_3_20170119153348729_00.png,Indian
3638,25_0_3_20170119153857705_00.png,Indian
3639,25_0_3_20170119162903181_00.png,Indian
3640,25_0_3_20170119163012781_00.png,Indian
3641,25_0_3_20170119171112135_00.png,Indian
3642,25_0_3_20170119171120578_00.png,Indian
3643,25_0_3_20170119171146199_00.png,Indian
3644,25_0_3_20170119171147449_00.png,Indian
3645,25_0_3_20170119171150192_00.png,Indian
3646,25_0_3_20170119171159472_00.png,Indian
3647,25_0_3_20170119171215856_00.png,Indian
3648,25_0_3_20170119171224184_00.png,Indian
3649,25_0_3_20170119171240216_00.png,Indian
3650,25_0_3_20170119171302287_00.png,Indian
3651,25_0_3_20170119171303424_00.png,Indian
3652,25_0_3_20170119171304336_00.png,Indian
3653,25_0_3_20170119171339224_00.png,Indian
3654,25_0_3_20170119171508760_00.png,Indian
3655,25_0_3_20170119171508760_01.png,Indian
3656,25_0_3_20170119171549168_00.png,Indian
3657,25_0_3_20170119171550208_00.png,Indian
3658,25_0_3_20170119171615136_00.png,Indian
3659,25_0_3_20170119171616945_00.png,Indian
3660,25_0_3_20170119171618146_00.png,Indian
3661,25_0_3_20170119171619825_00.png,Indian
3662,25_0_3_20170119171741311_00.png,Indian
3663,25_0_3_20170119171743041_00.png,Indian
3664,25_0_3_20170119171823257_00.png,Indian
3665,25_0_3_20170119171834776_00.png,Indian
3666,25_0_3_20170119171836176_00.png,Indian
3667,25_0_3_20170119171837104_00.png,Indian
3668,25_0_3_20170119171838017_00.png,Indian
3669,25_0_3_20170119171838936_00.png,Indian
3670,25_0_3_20170119171900192_00.png,Indian
3671,25_0_3_20170119171953195_00.png,Indian
3672,25_0_3_20170119171959592_00.png,Indian
3673,25_0_3_20170119212123817_00.png,Indian
3674,25_1_3_20170119150412270_00.png,Indian
3675,25_1_3_20170119150911238_00.png,Indian
3676,25_1_3_20170119151009470_00.png,Indian
3677,25_1_3_20170119151524280_00.png,Indian
3678,25_1_3_20170119153501863_00.png,Indian
3679,25_1_3_20170119153526538_00.png,Indian
3680,25_1_3_20170119154344723_00.png,Indian
3681,25_1_3_20170119155132282_00.png,Indian
3682,25_1_3_20170119163748638_00.png,Indian
3683,25_1_3_20170119164527886_00.png,Indian
3684,25_1_3_20170119171154440_00.png,Indian
3685,25_1_3_20170119171206287_00.png,Indian
3686,25_1_3_20170119171211913_00.png,Indian
3687,25_1_3_20170119171512535_00.png,Indian
3688,25_1_3_20170119171906505_00.png,Indian
3689,25_1_3_20170119171913200_00.png,Indian
3690,25_1_3_20170119171917192_00.png,Indian
3691,25_1_3_20170119171920688_00.png,Indian
3692,25_1_3_20170119171923120_00.png,Indian
3693,25_1_3_20170119171925976_00.png,Indian
3694,25_1_3_20170119171943592_00.png,Indian
3695,25_1_3_20170119171949009_00.png,Indian
3696,25_1_3_20170119171956657_00.png,Indian
3697,25_1_3_20170119172014464_00.png,Indian
3698,25_1_3_20170119172017568_00.png,Indian
3699,25_1_3_20170119172028785_00.png,Indian
3700,25_1_3_20170119172045713_00.png,Indian
3701,25_1_3_20170119172047553_00.png,Indian
3702,25_1_3_20170119172048666_00.png,Indian
3703,25_1_3_20170119172049633_00.png,Indian
3704,25_1_3_20170119172050673_00.png,Indian
3705,25_1_3_20170119172052720_00.png,Indian
3706,25_1_3_20170119172053938_00.png,Indian
3707,25_1_3_20170119172101233_00.png,Indian
3708,25_1_3_20170119172102729_00.png,Indian
3709,25_1_3_20170119172104288_00.png,Indian
3710,25_1_3_20170119172106986_00.png,Indian
3711,25_1_3_20170119172134400_00.png,Indian
3712,25_1_3_20170119172135455_00.png,Indian
3713,25_1_3_20170119172136505_00.png,Indian
3714,25_1_3_20170119172137400_00.png,Indian
3715,25_1_3_20170119172138225_00.png,Indian
3716,25_1_3_20170119172140785_00.png,Indian
3717,25_1_3_20170119172141792_00.png,Indian
3718,25_1_3_20170119172143516_00.png,Indian
3719,25_1_3_20170119172144676_00.png,Indian
3720,25_1_3_20170119172145553_00.png,Indian
3721,25_1_3_20170119172147361_00.png,Indian
3722,25_1_3_20170119172149792_00.png,Indian
3723,25_1_3_20170119172151113_00.png,Indian
3724,25_1_3_20170119172152169_00.png,Indian
3725,25_1_3_20170119195859404_00.png,Indian
3726,26_0_3_20170116232725357_00.png,Indian
3727,26_0_3_20170119144035406_00.png,Indian
3728,26_0_3_20170119145951982_00.png,Indian
3729,26_0_3_20170119150512262_00.png,Indian
3730,26_0_3_20170119150517469_00.png,Indian
3731,26_0_3_20170119152946337_00.png,Indian
3732,26_0_3_20170119153339006_00.png,Indian
3733,30_1_3_20170119195849148_00.png,Indian
3734,30_1_3_20170119195850724_00.png,Indian
3735,30_1_3_20170119195851939_00.png,Indian
3736,30_1_3_20170119195853443_00.png,Indian
3737,30_1_3_20170119204032119_00.png,Indian
3738,30_1_3_20170119204037590_00.png,Indian
3739,30_1_3_20170119204149215_00.png,Indian
3740,30_1_3_20170119204403583_00.png,Indian
3741,30_1_3_20170119205414159_00.png,Indian
3742,30_1_3_20170119205427119_00.png,Indian
3743,31_0_3_20170119160307619_00.png,Indian
3744,31_0_3_20170119195935948_00.png,Indian
3745,31_0_3_20170119195937091_00.png,Indian
3746,31_0_3_20170119195940339_00.png,Indian
3747,31_0_3_20170119195941627_00.png,Indian
3748,31_0_3_20170119195948571_00.png,Indian
3749,31_0_3_20170119195949283_00.png,Indian
3750,31_0_3_20170119195949996_00.png,Indian
3751,31_0_3_20170119195950692_00.png,Indian
3752,31_0_3_20170119195952148_00.png,Indian
3753,31_0_3_20170119195953620_00.png,Indian
3754,31_0_3_20170119200050628_00.png,Indian
3755,31_0_3_20170119200051395_00.png,Indian
3756,31_0_3_20170119200052268_00.png,Indian
3757,31_0_3_20170119211535833_00.png,Indian
3758,31_1_3_20170119155508987_00.png,Indian
3759,31_1_3_20170119200101732_00.png,Indian
3760,31_1_3_20170119200154156_00.png,Indian
3761,31_1_3_20170119200159884_00.png,Indian
3762,31_1_3_20170119200200605_00.png,Indian
3763,31_1_3_20170119200201348_00.png,Indian
3764,32_0_3_20170119154229786_00.png,Indian
3765,32_0_3_20170119160307619_00.png,Indian
3766,32_0_3_20170119160433674_00.png,Indian
3767,32_0_3_20170119162651590_00.png,Indian
3768,32_0_3_20170119162959965_00.png,Indian
3769,32_0_3_20170119164310053_00.png,Indian
3770,32_0_3_20170119171305632_00.png,Indian
3771,32_0_3_20170119181014212_00.png,Indian
3772,32_0_3_20170119184229278_00.png,Indian
3773,32_0_3_20170119192340778_00.png,Indian
3774,32_0_3_20170119200203836_00.png,Indian
3775,32_0_3_20170119200203836_01.png,Indian
3776,32_0_3_20170119200204548_00.png,Indian
3777,32_0_3_20170119200231708_00.png,Indian
3778,32_0_3_20170119200235517_00.png,Indian
3779,32_0_3_20170119200236372_00.png,Indian
3780,32_0_3_20170119200245532_00.png,Indian
3781,32_0_3_20170119200253810_00.png,Indian
3782,32_0_3_20170119200310531_00.png,Indian
3783,32_0_3_20170119200318588_00.png,Indian
3784,32_0_3_20170119200320269_00.png,Indian
3785,32_0_3_20170119200337060_00.png,Indian
3786,32_0_3_20170119200338100_00.png,Indian
3787,32_0_3_20170119200338892_00.png,Indian
3788,32_0_3_20170119200339548_00.png,Indian
3789,32_0_3_20170119200340188_00.png,Indian
3790,32_0_3_20170119200348476_00.png,Indian
3791,32_0_3_20170119200350043_00.png,Indian
3792,32_0_3_20170119200350788_00.png,Indian
3793,32_0_3_20170119200351460_00.png,Indian
3794,32_0_3_20170119200400215_00.png,Indian
3795,32_0_3_20170119200401517_00.png,Indian
3796,32_0_3_20170119200432788_00.png,Indian
3797,32_0_3_20170120220937948_00.png,Indian
3798,32_0_3_20170120221502100_00.png,Indian
3799,32_1_3_20170119155703795_00.png,Indian
3800,32_1_3_20170119163219372_00.png,Indian
3801,32_1_3_20170119200439598_00.png,Indian
3802,32_1_3_20170119200440516_00.png,Indian
3803,32_1_3_20170119200441164_00.png,Indian
3804,32_1_3_20170119200442044_00.png,Indian
3805,32_1_3_20170119200443572_00.png,Indian
3806,33_0_3_20170119150501686_00.png,Indian
3807,33_0_3_20170119164211892_00.png,Indian
3808,33_0_3_20170119164235580_00.png,Indian
3809,33_0_3_20170119164240414_00.png,Indian
3810,33_0_3_20170119184235519_00.png,Indian
3811,33_0_3_20170119200502940_00.png,Indian
3812,33_0_3_20170119200505620_00.png,Indian
3813,33_0_3_20170119200506620_00.png,Indian
3814,33_0_3_20170119200537548_00.png,Indian
3815,33_1_3_20170119164429486_00.png,Indian
3816,33_1_3_20170119200543308_00.png,Indian
3817,33_1_3_20170119200544140_00.png,Indian
3818,34_0_3_20170119150531191_00.png,Indian
3819,34_0_3_20170119151259742_00.png,Indian
3820,34_0_3_20170119152247249_00.png,Indian
3821,34_0_3_20170119152305846_00.png,Indian
3822,34_0_3_20170119152328504_00.png,Indian
3823,34_0_3_20170119152422977_00.png,Indian
3824,34_0_3_20170119154527314_00.png,Indian
3825,34_0_3_20170119160235323_00.png,Indian
3826,34_0_3_20170119162704132_00.png,Indian
3827,34_0_3_20170119162817677_00.png,Indian
3828,34_0_3_20170119163319768_00.png,Indian
3829,34_0_3_20170119164614317_00.png,Indian
3830,34_0_3_20170119164730142_00.png,Indian
3831,34_0_3_20170119165336734_00.png,Indian
3832,34_0_3_20170119165359030_00.png,Indian
3833,34_0_3_20170119165709773_00.png,Indian
3834,34_0_3_20170119165755400_00.png,Indian
3835,34_0_3_20170119165802654_00.png,Indian
3836,34_0_3_20170119165834583_00.png,Indian
3837,34_0_3_20170119165846359_00.png,Indian
3838,34_0_3_20170119171236256_00.png,Indian
3839,34_0_3_20170119171311776_00.png,Indian
3840,34_0_3_20170119171609737_00.png,Indian
3841,34_0_3_20170119171624184_00.png,Indian
3842,34_0_3_20170119171627440_00.png,Indian
3843,34_0_3_20170119171715544_00.png,Indian
3844,34_0_3_20170119172218345_00.png,Indian
3845,34_0_3_20170119175413876_00.png,Indian
3846,34_0_3_20170119175427012_00.png,Indian
3847,34_0_3_20170119183347270_00.png,Indian
3848,34_0_3_20170119194724475_00.png,Indian
3849,34_0_3_20170119194900548_00.png,Indian
3850,34_0_3_20170119194902451_00.png,Indian
3851,34_0_3_20170119195442526_00.png,Indian
3852,34_0_3_20170119200547004_00.png,Indian
3853,34_0_3_20170119200559340_00.png,Indian
3854,34_0_3_20170119200600229_00.png,Indian
3855,34_0_3_20170119200611509_00.png,Indian
3856,34_0_3_20170119200626788_00.png,Indian
3857,34_0_3_20170119200628579_00.png,Indian
3858,34_0_3_20170119200635028_00.png,Indian
3859,34_0_3_20170119200716509_00.png,Indian
3860,34_0_3_20170119200717205_00.png,Indian
3861,34_0_3_20170119200718133_00.png,Indian
3862,34_0_3_20170119200728660_00.png,Indian
3863,34_0_3_20170119200729796_00.png,Indian
3864,34_0_3_20170119200731972_00.png,Indian
3865,34_0_3_20170119200753235_00.png,Indian
3866,34_0_3_20170119200756100_00.png,Indian
3867,34_0_3_20170119200757565_00.png,Indian
3868,34_0_3_20170119200758796_00.png,Indian
3869,34_0_3_20170119200806004_00.png,Indian
3870,34_0_3_20170119200807500_00.png,Indian
3871,34_0_3_20170119200814036_00.png,Indian
3872,34_0_3_20170119200815092_00.png,Indian
3873,34_0_3_20170119200815948_00.png,Indian
3874,34_0_3_20170119200816604_00.png,Indian
3875,34_0_3_20170119200817301_00.png,Indian
3876,34_0_3_20170119200817972_00.png,Indian
3877,34_0_3_20170119200818611_00.png,Indian
3878,34_0_3_20170119200819270_00.png,Indian
3879,34_0_3_20170119200820284_00.png,Indian
3880,34_0_3_20170119200820917_00.png,Indian
3881,34_0_3_20170119200821564_00.png,Indian
3882,34_1_3_20170119152405425_00.png,Indian
3883,34_1_3_20170119152656528_00.png,Indian
3884,34_1_3_20170119152703935_00.png,Indian
3885,34_1_3_20170119155627753_00.png,Indian
3886,34_1_3_20170119163642029_00.png,Indian
3887,34_1_3_20170119164445358_00.png,Indian
3888,34_1_3_20170119165307574_00.png,Indian
3889,34_1_3_20170119200614779_00.png,Indian
3890,34_1_3_20170119200846595_00.png,Indian
3891,34_1_3_20170119200852458_00.png,Indian
3892,34_1_3_20170119200853821_00.png,Indian
3893,34_1_3_20170119200900860_00.png,Indian
3894,34_1_3_20170119200905525_00.png,Indian
3895,34_1_3_20170119200906387_00.png,Indian
3896,35_0_3_20170119144837604_00.png,Indian
3897,35_0_3_20170119150621966_00.png,Indian
3898,35_0_3_20170119150724127_00.png,Indian
3899,35_0_3_20170119151444959_00.png,Indian
3900,35_0_3_20170119162812372_00.png,Indian
3901,35_0_3_20170119171249576_00.png,Indian
3902,35_0_3_20170119171258208_00.png,Indian
3903,35_0_3_20170119171318208_00.png,Indian
3904,35_0_3_20170119171459001_00.png,Indian
3905,35_0_3_20170119171505271_00.png,Indian
3906,35_0_3_20170119171712116_00.png,Indian
3907,35_0_3_20170119175248164_00.png,Indian
3908,35_0_3_20170119180425940_00.png,Indian
3909,35_0_3_20170119181105779_00.png,Indian
3910,35_0_3_20170119181247523_00.png,Indian
3911,35_0_3_20170119181325084_00.png,Indian
3912,35_0_3_20170119183157029_00.png,Indian
3913,35_0_3_20170119183709500_00.png,Indian
3914,35_0_3_20170119191827257_00.png,Indian
3915,35_0_3_20170119191930010_00.png,Indian
3916,35_0_3_20170119194712751_00.png,Indian
3917,35_0_3_20170119194907323_00.png,Indian
3918,35_0_3_20170119200913517_00.png,Indian
3919,35_0_3_20170119200930924_00.png,Indian
3920,35_0_3_20170119201026253_00.png,Indian
3921,35_0_3_20170119201122088_00.png,Indian
3922,35_0_3_20170119201122781_00.png,Indian
3923,35_0_3_20170119201209708_00.png,Indian
3924,35_0_3_20170119201215829_00.png,Indian
3925,35_0_3_20170119201222820_00.png,Indian
3926,35_0_3_20170119201245052_00.png,Indian
3927,35_0_3_20170119201257884_00.png,Indian
3928,35_0_3_20170119201258580_00.png,Indian
3929,35_0_3_20170119201304861_00.png,Indian
3930,35_0_3_20170119201337652_00.png,Indian
3931,35_0_3_20170119201338805_00.png,Indian
3932,35_0_3_20170119201340627_00.png,Indian
3933,35_0_3_20170119201341557_00.png,Indian
3934,35_0_3_20170119201342436_00.png,Indian
3935,35_0_3_20170119201343148_00.png,Indian
3936,35_0_3_20170119201352227_00.png,Indian
3937,35_0_3_20170119201410901_00.png,Indian
3938,35_0_3_20170119201417013_00.png,Indian
3939,35_0_3_20170119201434358_00.png,Indian
3940,35_0_3_20170119201446469_00.png,Indian
3941,35_0_3_20170119201448301_00.png,Indian
3942,35_0_3_20170119201449076_00.png,Indian
3943,35_0_3_20170119211339158_00.png,Indian
3944,35_0_3_20170119211535833_00.png,Indian
3945,35_0_3_20170119212039049_00.png,Indian
3946,35_0_3_20170120220551706_00.png,Indian
3947,35_1_3_20170119150744831_00.png,Indian
3948,35_1_3_20170119152835120_00.png,Indian
3949,35_1_3_20170119155040320_00.png,Indian
3950,35_1_3_20170119162657708_00.png,Indian
3951,35_1_3_20170119163902152_00.png,Indian
3952,35_1_3_20170119201055428_00.png,Indian
3953,35_1_3_20170119201519805_00.png,Indian
3954,35_1_3_20170119201541494_00.png,Indian
3955,35_1_3_20170119201542462_00.png,Indian
3956,35_1_3_20170119201543070_00.png,Indian
3957,36_0_3_20170119144131781_00.png,Indian
3958,36_0_3_20170119150422534_00.png,Indian
3959,36_0_3_20170119150712949_00.png,Indian
3960,36_0_3_20170119153128584_00.png,Indian
3961,36_0_3_20170119175242539_00.png,Indian
3962,36_0_3_20170119175557380_00.png,Indian
3963,36_0_3_20170119180411476_00.png,Indian
3964,36_0_3_20170119181320605_00.png,Indian
3965,36_0_3_20170119181330668_00.png,Indian
3966,36_0_3_20170119181438574_00.png,Indian
3967,36_0_3_20170119183044775_00.png,Indian
3968,36_0_3_20170119183309303_00.png,Indian
3969,36_0_3_20170119183315430_00.png,Indian
3970,36_0_3_20170119183320965_00.png,Indian
3971,36_0_3_20170119183536726_00.png,Indian
3972,36_0_3_20170119183543230_00.png,Indian
3973,36_0_3_20170119183659343_00.png,Indian
3974,36_0_3_20170119183728238_00.png,Indian
3975,36_0_3_20170119183738087_00.png,Indian
3976,36_0_3_20170119191815385_00.png,Indian
3977,36_0_3_20170119191949649_00.png,Indian
3978,36_0_3_20170119194325042_00.png,Indian
3979,36_0_3_20170119194613458_00.png,Indian
3980,36_0_3_20170119194621194_00.png,Indian
3981,36_0_3_20170119194656666_00.png,Indian
3982,36_0_3_20170119194703786_00.png,Indian
3983,36_0_3_20170119194743443_00.png,Indian
3984,36_0_3_20170119195452698_00.png,Indian
3985,36_0_3_20170119195506419_00.png,Indian
3986,36_0_3_20170119201708181_00.png,Indian
3987,36_0_3_20170119201732293_00.png,Indian
3988,36_0_3_20170119201733085_00.png,Indian
3989,36_0_3_20170119201740725_00.png,Indian
3990,36_0_3_20170119201741572_00.png,Indian
3991,36_0_3_20170119201742501_00.png,Indian
3992,36_0_3_20170119201743421_00.png,Indian
3993,36_0_3_20170119201744493_00.png,Indian
3994,36_0_3_20170119201805435_00.png,Indian
3995,36_0_3_20170119201815957_00.png,Indian
3996,36_0_3_20170119201817029_00.png,Indian
3997,36_0_3_20170119201817701_00.png,Indian
3998,36_0_3_20170119201824085_00.png,Indian
3999,36_0_3_20170119201833789_00.png,Indian
4000,36_0_3_20170119201834796_00.png,Indian
4001,36_0_3_20170119201835557_00.png,Indian
4002,36_0_3_20170119201908108_00.png,Indian
4003,36_0_3_20170119201915606_00.png,Indian
4004,36_0_3_20170119201916448_00.png,Indian
4005,36_0_3_20170119201917284_00.png,Indian
4006,36_0_3_20170119201943645_00.png,Indian
4007,36_0_3_20170119201947413_00.png,Indian
4008,36_0_3_20170119201953309_00.png,Indian
4009,36_0_3_20170119202053413_00.png,Indian
4010,36_0_3_20170119202056149_00.png,Indian
4011,36_0_3_20170119202102207_00.png,Indian
4012,36_0_3_20170119202117701_00.png,Indian
4013,36_0_3_20170119202126078_00.png,Indian
4014,36_0_3_20170119202127415_00.png,Indian
4015,36_0_3_20170119202128525_00.png,Indian
4016,36_0_3_20170119202129918_00.png,Indian
4017,36_1_3_20170119154411650_00.png,Indian
4018,36_1_3_20170119181235533_00.png,Indian
4019,36_1_3_20170119181235533_01.png,Indian
4020,36_1_3_20170119183119334_00.png,Indian
4021,36_1_3_20170119191859753_00.png,Indian
4022,36_1_3_20170119192728122_00.png,Indian
4023,36_1_3_20170119202133110_00.png,Indian
4024,36_1_3_20170119202138661_00.png,Indian
4025,36_1_3_20170119202142021_00.png,Indian
4026,36_1_3_20170119202143325_00.png,Indian
4027,36_1_3_20170119202144381_00.png,Indian
4028,36_1_3_20170119202208549_00.png,Indian
4029,36_1_3_20170119202210389_00.png,Indian
4030,37_0_3_20170119152336983_00.png,Indian
4031,37_0_3_20170119153105041_00.png,Indian
4032,37_0_3_20170119162833204_00.png,Indian
4033,37_0_3_20170119164100806_00.png,Indian
4034,37_0_3_20170119175010298_00.png,Indian
4035,37_0_3_20170119180031371_00.png,Indian
4036,37_0_3_20170119192056728_00.png,Indian
4037,37_0_3_20170119192309233_00.png,Indian
4038,37_0_3_20170119193226433_00.png,Indian
4039,37_0_3_20170119193244666_00.png,Indian
4040,37_0_3_20170119193258657_00.png,Indian
4041,37_0_3_20170119194717603_00.png,Indian
4042,37_0_3_20170119194814724_00.png,Indian
4043,37_0_3_20170119194851635_00.png,Indian
4044,37_0_3_20170119202212805_00.png,Indian
4045,37_0_3_20170119202214518_00.png,Indian
4046,37_0_3_20170119202215718_00.png,Indian
4047,37_0_3_20170119202228541_00.png,Indian
4048,37_0_3_20170119202229780_00.png,Indian
4049,37_0_3_20170119202236501_00.png,Indian
4050,37_0_3_20170119202258422_00.png,Indian
4051,37_0_3_20170119202301349_00.png,Indian
4052,37_0_3_20170119202302736_00.png,Indian
4053,37_0_3_20170119202304167_00.png,Indian
4054,37_0_3_20170119202308661_00.png,Indian
4055,37_0_3_20170119202310776_00.png,Indian
4056,37_0_3_20170119202312469_00.png,Indian
4057,37_0_3_20170119202313708_00.png,Indian
4058,37_0_3_20170119202316062_00.png,Indian
4059,37_0_3_20170119202342181_00.png,Indian
4060,37_0_3_20170119202343501_00.png,Indian
4061,37_0_3_20170119202410749_00.png,Indian
4062,37_0_3_20170119202413166_00.png,Indian
4063,37_0_3_20170119202425238_00.png,Indian
4064,37_0_3_20170119202500878_00.png,Indian
4065,37_0_3_20170119202502352_00.png,Indian
4066,37_0_3_20170119202504438_00.png,Indian
4067,37_0_3_20170119202516470_00.png,Indian
4068,37_0_3_20170120221511381_00.png,Indian
4069,37_1_3_20170119152842760_00.png,Indian
4070,37_1_3_20170119163035788_00.png,Indian
4071,37_1_3_20170119193409372_00.png,Indian
4072,37_1_3_20170119202307060_00.png,Indian
4073,37_1_3_20170119202513781_00.png,Indian
4074,37_1_3_20170119202520478_00.png,Indian
4075,37_1_3_20170119202521964_00.png,Indian
4076,38_0_3_20170119144055864_00.png,Indian
4077,38_0_3_20170119155935681_00.png,Indian
4078,38_0_3_20170119160316259_00.png,Indian
4079,38_0_3_20170119192003262_00.png,Indian
4080,38_0_3_20170119202601638_00.png,Indian
4081,38_0_3_20170119202607101_00.png,Indian
4082,38_0_3_20170119202640517_00.png,Indian
4083,38_0_3_20170119202709695_00.png,Indian
4084,38_0_3_20170119202715190_00.png,Indian
4085,38_0_3_20170119202726182_00.png,Indian
4086,38_0_3_20170119211500976_00.png,Indian
4087,38_0_3_20170119212105475_00.png,Indian
4088,38_1_3_20170119163208659_00.png,Indian
4089,38_1_3_20170119183332565_00.png,Indian
4090,38_1_3_20170119202605726_00.png,Indian
4091,38_1_3_20170119202610221_00.png,Indian
4092,38_1_3_20170119202712862_00.png,Indian
4093,38_1_3_20170119202728862_00.png,Indian
4094,39_0_3_20170119160257563_00.png,Indian
4095,39_0_3_20170119175458883_00.png,Indian
4096,39_0_3_20170119183250588_00.png,Indian
4097,39_0_3_20170119183908421_00.png,Indian
4098,39_0_3_20170119184201286_00.png,Indian
4099,39_0_3_20170119191918705_00.png,Indian
4100,39_0_3_20170119194600707_00.png,Indian
4101,39_0_3_20170119194607251_00.png,Indian
4102,39_0_3_20170119194650194_00.png,Indian
4103,39_0_3_20170119195343676_00.png,Indian
4104,39_0_3_20170119203753135_00.png,Indian
4105,39_0_3_20170119203757237_00.png,Indian
4106,39_0_3_20170119203900686_00.png,Indian
4107,39_0_3_20170119203939176_00.png,Indian
4108,39_0_3_20170119203940533_00.png,Indian
4109,39_0_3_20170119203958183_00.png,Indian
4110,39_1_3_20170119172010681_00.png,Indian
4111,39_1_3_20170119204014702_00.png,Indian
4112,40_0_3_20170119151114678_00.png,Indian
4113,40_0_3_20170119151504466_00.png,Indian
4114,40_0_3_20170119153055608_00.png,Indian
4115,40_0_3_20170119153228569_00.png,Indian
4116,40_0_3_20170119154448251_00.png,Indian
4117,40_0_3_20170119175325322_00.png,Indian
4118,40_0_3_20170119175332114_00.png,Indian
4119,40_0_3_20170119175434618_00.png,Indian
4120,40_0_3_20170119180356516_00.png,Indian
4121,40_0_3_20170119183125702_00.png,Indian
4122,40_0_3_20170119183357429_00.png,Indian
4123,40_0_3_20170119183403621_00.png,Indian
4124,40_0_3_20170119183720398_00.png,Indian
4125,40_0_3_20170119183828462_00.png,Indian
4126,40_0_3_20170119191805016_00.png,Indian
4127,40_0_3_20170119192039721_00.png,Indian
4128,40_0_3_20170119203747574_00.png,Indian
4129,40_0_3_20170119204043575_00.png,Indian
4130,40_0_3_20170119204114783_00.png,Indian
4131,40_0_3_20170119204122502_00.png,Indian
4132,40_0_3_20170119204129150_00.png,Indian
4133,40_0_3_20170119204130582_00.png,Indian
4134,40_0_3_20170119204141439_00.png,Indian
4135,40_0_3_20170119205347547_00.png,Indian
4136,40_0_3_20170119205507599_00.png,Indian
4137,40_0_3_20170119205959119_00.png,Indian
4138,40_0_3_20170119210046520_00.png,Indian
4139,40_0_3_20170119210144247_00.png,Indian
4140,40_0_3_20170119210206582_00.png,Indian
4141,40_0_3_20170119210237376_00.png,Indian
4142,40_0_3_20170119211711001_00.png,Indian
4143,40_0_3_20170119211848649_00.png,Indian
4144,40_1_3_20170119144248205_00.png,Indian
4145,40_1_3_20170119145610534_00.png,Indian
4146,40_1_3_20170119151025310_00.png,Indian
4147,40_1_3_20170119165539693_00.png,Indian
4148,40_1_3_20170119192433185_00.png,Indian
4149,40_1_3_20170119204008588_00.png,Indian
4150,41_0_3_20170119143544485_00.png,Indian
4151,41_0_3_20170119162741678_00.png,Indian
4152,41_0_3_20170119171541497_00.png,Indian
4153,41_0_3_20170119171546296_00.png,Indian
4154,41_0_3_20170119175402515_00.png,Indian
4155,41_0_3_20170119181048675_00.png,Indian
4156,41_0_3_20170119204219798_00.png,Indian
4157,41_0_3_20170119204228535_00.png,Indian
4158,41_0_3_20170119204231207_00.png,Indian
4159,41_0_3_20170119204235487_00.png,Indian
4160,41_0_3_20170119211820393_00.png,Indian
4161,42_0_3_20170119155807051_00.png,Indian
4162,42_0_3_20170119160350227_00.png,Indian
4163,42_0_3_20170119171532128_00.png,Indian
4164,42_0_3_20170119202035565_00.png,Indian
4165,42_0_3_20170119204237560_00.png,Indian
4166,42_0_3_20170119204239438_00.png,Indian
4167,42_0_3_20170119204253127_00.png,Indian
4168,42_0_3_20170119204424727_00.png,Indian
4169,42_0_3_20170119204429765_00.png,Indian
4170,42_0_3_20170119204431257_00.png,Indian
4171,42_0_3_20170119204433431_00.png,Indian
4172,42_0_3_20170119204443991_00.png,Indian
4173,42_0_3_20170119204446511_00.png,Indian
4174,42_0_3_20170119204447575_00.png,Indian
4175,42_1_3_20170119155657771_00.png,Indian
4176,42_1_3_20170119163800509_00.png,Indian
4177,43_0_3_20170119153259240_00.png,Indian
4178,43_0_3_20170119162826244_00.png,Indian
4179,43_0_3_20170119164231565_00.png,Indian
4180,43_0_3_20170119164253885_00.png,Indian
4181,43_0_3_20170119171523303_00.png,Indian
4182,43_0_3_20170119171732975_00.png,Indian
4183,43_0_3_20170119180612748_00.png,Indian
4184,43_0_3_20170119180619699_00.png,Indian
4185,43_0_3_20170119181057511_00.png,Indian
4186,43_0_3_20170119200911708_00.png,Indian
4187,43_0_3_20170119202025045_00.png,Indian
4188,43_0_3_20170119202340885_00.png,Indian
4189,43_0_3_20170119204002380_00.png,Indian
4190,43_0_3_20170119204551990_00.png,Indian
4191,43_0_3_20170119204553167_00.png,Indian
4192,43_0_3_20170119204554406_00.png,Indian
4193,43_0_3_20170119211655721_00.png,Indian
4194,43_1_3_20170119193027273_00.png,Indian
4195,43_1_3_20170119195521961_00.png,Indian
4196,43_1_3_20170119204557143_00.png,Indian
4197,43_1_3_20170119204701135_00.png,Indian
4198,44_0_3_20170119150719334_00.png,Indian
4199,44_0_3_20170119155521690_00.png,Indian
4200,44_0_3_20170119155759515_00.png,Indian
4201,44_0_3_20170119160244545_00.png,Indian
4202,44_0_3_20170119162912596_00.png,Indian
4203,44_0_3_20170119165428991_00.png,Indian
4204,44_0_3_20170119165437319_00.png,Indian
4205,44_0_3_20170119165648839_00.png,Indian
4206,44_0_3_20170119165814423_00.png,Indian
4207,44_0_3_20170119171650408_00.png,Indian
4208,44_0_3_20170119171751384_00.png,Indian
4209,44_0_3_20170119172207729_00.png,Indian
4210,44_0_3_20170119181020595_00.png,Indian
4211,44_0_3_20170119181341765_00.png,Indian
4212,44_0_3_20170119181415173_00.png,Indian
4213,44_0_3_20170119184239800_00.png,Indian
4214,44_0_3_20170119194637443_00.png,Indian
4215,44_0_3_20170119195144674_00.png,Indian
4216,44_0_3_20170119195204451_00.png,Indian
4217,44_0_3_20170119195210483_00.png,Indian
4218,44_0_3_20170119195216221_00.png,Indian
4219,44_0_3_20170119195247387_00.png,Indian
4220,44_0_3_20170119200316171_00.png,Indian
4221,44_0_3_20170119200334516_00.png,Indian
4222,44_0_3_20170119200511259_00.png,Indian
4223,44_0_3_20170119200652604_00.png,Indian
4224,44_0_3_20170119200725971_00.png,Indian
4225,44_0_3_20170119200835996_00.png,Indian
4226,44_0_3_20170119200840702_00.png,Indian
4227,44_0_3_20170119201022260_00.png,Indian
4228,44_0_3_20170119204704727_00.png,Indian
4229,44_0_3_20170119204716767_00.png,Indian
4230,44_1_3_20170119164705141_00.png,Indian
4231,44_1_3_20170119165329470_00.png,Indian
4232,44_1_3_20170119165505207_00.png,Indian
4233,44_1_3_20170119172158321_00.png,Indian
4234,44_1_3_20170119192758593_00.png,Indian
4235,44_1_3_20170119192838387_00.png,Indian
4236,45_0_3_20170119144534917_00.png,Indian
4237,45_0_3_20170119144853174_00.png,Indian
4238,45_0_3_20170119154224697_00.png,Indian
4239,45_0_3_20170119162821908_00.png,Indian
4240,45_0_3_20170119165318518_00.png,Indian
4241,45_0_3_20170119165720733_00.png,Indian
4242,45_0_3_20170119171336179_00.png,Indian
4243,45_0_3_20170119171404704_00.png,Indian
4244,45_0_3_20170119171404704_01.png,Indian
4245,45_0_3_20170119171417728_00.png,Indian
4246,45_0_3_20170119171425106_00.png,Indian
4247,45_0_3_20170119171701550_00.png,Indian
4248,45_0_3_20170119171812944_00.png,Indian
4249,45_0_3_20170119171853186_00.png,Indian
4250,45_0_3_20170119175445883_00.png,Indian
4251,45_0_3_20170119180924508_00.png,Indian
4252,45_0_3_20170119181420596_00.png,Indian
4253,45_0_3_20170119183426844_00.png,Indian
4254,45_0_3_20170119183704615_00.png,Indian
4255,45_0_3_20170119183849743_00.png,Indian
4256,45_0_3_20170119184144631_00.png,Indian
4257,45_0_3_20170119184153479_00.png,Indian
4258,45_0_3_20170119184244311_00.png,Indian
4259,45_0_3_20170119194520650_00.png,Indian
4260,45_0_3_20170119194525986_00.png,Indian
4261,45_0_3_20170119194628649_00.png,Indian
4262,45_0_3_20170119194832939_00.png,Indian
4263,45_0_3_20170119194836227_00.png,Indian
4264,45_0_3_20170119195305345_00.png,Indian
4265,45_0_3_20170119195643531_00.png,Indian
4266,45_0_3_20170119195652068_00.png,Indian
4267,45_0_3_20170119195659219_00.png,Indian
4268,45_0_3_20170119195752949_00.png,Indian
4269,45_0_3_20170119195808299_00.png,Indian
4270,45_0_3_20170119195829723_00.png,Indian
4271,45_0_3_20170119200136571_00.png,Indian
4272,45_0_3_20170119200329836_00.png,Indian
4273,45_0_3_20170119200658085_00.png,Indian
4274,45_0_3_20170119200707996_00.png,Indian
4275,45_0_3_20170119200804204_00.png,Indian
4276,45_0_3_20170119201114381_00.png,Indian
4277,45_0_3_20170119201120877_00.png,Indian
4278,45_0_3_20170119201128901_00.png,Indian
4279,45_0_3_20170119201135740_00.png,Indian
4280,45_0_3_20170119201152003_00.png,Indian
4281,45_0_3_20170119201202684_00.png,Indian
4282,45_0_3_20170119201221388_00.png,Indian
4283,45_0_3_20170119201227781_00.png,Indian
4284,45_0_3_20170119201251044_00.png,Indian
4285,45_0_3_20170119201255635_00.png,Indian
4286,45_0_3_20170119201303715_00.png,Indian
4287,45_0_3_20170119201309141_00.png,Indian
4288,45_0_3_20170119201729135_00.png,Indian
4289,45_0_3_20170119201748948_00.png,Indian
4290,45_0_3_20170119201912421_00.png,Indian
4291,45_0_3_20170119201940309_00.png,Indian
4292,45_0_3_20170119201952141_00.png,Indian
4293,45_0_3_20170119202002019_00.png,Indian
4294,45_0_3_20170119202030421_00.png,Indian
4295,45_0_3_20170119202040629_00.png,Indian
4296,45_0_3_20170119202044372_00.png,Indian
4297,45_0_3_20170119202051271_00.png,Indian
4298,45_0_3_20170119202458980_00.png,Indian
4299,45_0_3_20170119202559894_00.png,Indian
4300,45_0_3_20170119202700364_00.png,Indian
4301,45_0_3_20170119202703548_00.png,Indian
4302,45_0_3_20170119202720533_00.png,Indian
4303,45_0_3_20170119203810871_00.png,Indian
4304,45_0_3_20170119203815607_00.png,Indian
4305,45_0_3_20170119203905073_00.png,Indian
4306,45_0_3_20170119203944694_00.png,Indian
4307,45_0_3_20170119203950879_00.png,Indian
4308,45_0_3_20170119204138943_00.png,Indian
4309,45_0_3_20170119204212534_00.png,Indian
4310,45_0_3_20170119204725919_00.png,Indian
4311,45_0_3_20170119204728031_00.png,Indian
4312,45_0_3_20170119211625775_00.png,Indian
4313,45_0_3_20170119211754490_00.png,Indian
4314,45_0_3_20170119212016521_00.png,Indian
4315,45_0_3_20170120221319813_00.png,Indian
4316,45_0_3_20170120222425936_00.png,Indian
4317,45_1_3_20170119144758533_00.png,Indian
4318,45_1_3_20170119162710051_00.png,Indian
4319,45_1_3_20170119171411898_00.png,Indian
4320,45_1_3_20170119171447928_00.png,Indian
4321,45_1_3_20170119183505494_00.png,Indian
4322,45_1_3_20170119183902380_00.png,Indian
4323,45_1_3_20170119193000096_00.png,Indian
4324,45_1_3_20170119193037786_00.png,Indian
4325,45_1_3_20170119194342179_00.png,Indian
4326,45_1_3_20170119194955123_00.png,Indian
4327,45_1_3_20170119200125452_00.png,Indian
4328,45_1_3_20170119204024497_00.png,Indian
4329,46_0_3_20170119172226210_00.png,Indian
4330,46_0_3_20170119175317994_00.png,Indian
4331,46_0_3_20170119175612659_00.png,Indian
4332,46_0_3_20170119181027204_00.png,Indian
4333,46_0_3_20170119183110614_00.png,Indian
4334,46_0_3_20170119183135878_00.png,Indian
4335,46_0_3_20170119183229046_00.png,Indian
4336,46_0_3_20170119183449213_00.png,Indian
4337,46_0_3_20170119195012113_00.png,Indian
4338,46_0_3_20170119195336586_00.png,Indian
4339,46_0_3_20170119200449365_00.png,Indian
4340,46_0_3_20170119200749075_00.png,Indian
4341,46_0_3_20170119201157876_00.png,Indian
4342,46_0_3_20170119202242015_00.png,Indian
4343,46_0_3_20170119202435756_00.png,Indian
4344,46_0_3_20170119204754151_00.png,Indian
4345,46_0_3_20170119204802431_00.png,Indian
4346,46_0_3_20170119204808215_00.png,Indian
4347,46_0_3_20170119204816695_00.png,Indian
4348,46_0_3_20170119204836094_00.png,Indian
4349,46_0_3_20170119205025182_00.png,Indian
4350,46_1_3_20170119202150389_00.png,Indian
4351,46_1_3_20170119204838888_00.png,Indian
4352,46_1_3_20170120140919993_00.png,Indian
4353,47_0_3_20170119152344615_00.png,Indian
4354,47_0_3_20170119175043787_00.png,Indian
4355,47_0_3_20170119183143206_00.png,Indian
4356,47_0_3_20170119183301849_00.png,Indian
4357,47_0_3_20170119184351798_00.png,Indian
4358,47_0_3_20170119193252674_00.png,Indian
4359,47_0_3_20170119194827491_00.png,Indian
4360,47_0_3_20170119201921580_00.png,Indian
4361,47_0_3_20170119202114397_00.png,Indian
4362,47_0_3_20170119202123349_00.png,Indian
4363,47_0_3_20170119202334925_00.png,Indian
4364,47_0_3_20170119202404381_00.png,Indian
4365,47_0_3_20170119205107927_00.png,Indian
4366,47_0_3_20170119205121919_00.png,Indian
4367,47_0_3_20170119205127722_00.png,Indian
4368,47_0_3_20170119205128991_00.png,Indian
4369,47_0_3_20170119205154121_00.png,Indian
4370,47_0_3_20170119205155167_00.png,Indian
4371,47_0_3_20170119205156254_00.png,Indian
4372,47_0_3_20170119205212904_00.png,Indian
4373,47_0_3_20170119205217135_00.png,Indian
4374,47_0_3_20170119205239944_00.png,Indian
4375,47_0_3_20170119205241615_00.png,Indian
4376,47_0_3_20170119205242687_00.png,Indian
4377,47_1_3_20170119200858036_00.png,Indian
4378,47_1_3_20170119202200788_00.png,Indian
4379,47_1_3_20170119202206348_00.png,Indian
4380,47_1_3_20170119205256352_00.png,Indian
4381,48_0_3_20170119151033366_00.png,Indian
4382,48_0_3_20170119181346742_00.png,Indian
4383,48_0_3_20170119192924313_00.png,Indian
4384,48_0_3_20170119193054233_00.png,Indian
4385,48_0_3_20170119200357284_00.png,Indian
4386,48_0_3_20170119200742252_00.png,Indian
4387,48_0_3_20170119201722708_00.png,Indian
4388,48_0_3_20170119201811053_00.png,Indian
4389,48_0_3_20170119201847821_00.png,Indian
4390,48_0_3_20170119202007642_00.png,Indian
4391,48_0_3_20170119202429341_00.png,Indian
4392,48_0_3_20170119205259311_00.png,Indian
4393,48_0_3_20170119205323677_00.png,Indian
4394,48_0_3_20170119205336640_00.png,Indian
4395,48_0_3_20170119205356352_00.png,Indian
4396,48_0_3_20170119205407566_00.png,Indian
4397,48_0_3_20170119211330007_00.png,Indian
4398,48_1_3_20170119195845924_00.png,Indian
4399,48_1_3_20170119212118705_00.png,Indian
4400,49_0_3_20170119200252003_00.png,Indian
4401,49_0_3_20170119201605981_00.png,Indian
4402,49_0_3_20170119201611413_00.png,Indian
4403,49_0_3_20170119201615957_00.png,Indian
4404,49_0_3_20170119201931356_00.png,Indian
4405,49_0_3_20170119202423862_00.png,Indian
4406,49_0_3_20170119204414414_00.png,Indian
4407,49_0_3_20170119205447575_00.png,Indian
4408,49_0_3_20170119205456552_00.png,Indian
4409,49_0_3_20170119205458583_00.png,Indian
4410,49_1_3_20170119201515853_00.png,Indian
4411,50_0_3_20170119153117800_00.png,Indian
4412,50_0_3_20170119154108905_00.png,Indian
4413,50_0_3_20170119171601064_00.png,Indian
4414,50_0_3_20170119183204846_00.png,Indian
4415,50_0_3_20170119194914299_00.png,Indian
4416,50_0_3_20170119195739498_00.png,Indian
4417,50_0_3_20170119195746908_00.png,Indian
4418,50_0_3_20170119195757652_00.png,Indian
4419,50_0_3_20170119201841712_00.png,Indian
4420,50_0_3_20170119201854301_00.png,Indian
4421,50_0_3_20170119202012733_00.png,Indian
4422,50_0_3_20170119202107229_00.png,Indian
4423,50_0_3_20170119203626302_00.png,Indian
4424,50_0_3_20170119203831751_00.png,Indian
4425,50_0_3_20170119203845893_00.png,Indian
4426,50_0_3_20170119203857710_00.png,Indian
4427,50_0_3_20170119203909752_00.png,Indian
4428,50_0_3_20170119203956223_00.png,Indian
4429,50_0_3_20170119204126511_00.png,Indian
4430,50_0_3_20170119204134671_00.png,Indian
4431,50_0_3_20170119204225095_00.png,Indian
4432,50_0_3_20170119204324047_00.png,Indian
4433,50_0_3_20170119204341751_00.png,Indian
4434,50_0_3_20170119204347415_00.png,Indian
4435,50_0_3_20170119204352551_00.png,Indian
4436,50_0_3_20170119204418614_00.png,Indian
4437,50_0_3_20170119204422855_00.png,Indian
4438,50_0_3_20170119204453255_00.png,Indian
4439,50_0_3_20170119204500527_00.png,Indian
4440,50_0_3_20170119204521040_00.png,Indian
4441,50_0_3_20170119204538302_00.png,Indian
4442,50_0_3_20170119204542975_00.png,Indian
4443,50_0_3_20170119204603807_00.png,Indian
4444,50_0_3_20170119204709807_00.png,Indian
4445,50_0_3_20170119204714191_00.png,Indian
4446,50_0_3_20170119204844983_00.png,Indian
4447,50_0_3_20170119205058304_00.png,Indian
4448,50_0_3_20170119205102983_00.png,Indian
4449,50_0_3_20170119205125927_00.png,Indian
4450,50_0_3_20170119205145375_00.png,Indian
4451,50_0_3_20170119205151901_00.png,Indian
4452,50_0_3_20170119205201920_00.png,Indian
4453,50_0_3_20170119205237303_00.png,Indian
4454,50_0_3_20170119205247101_00.png,Indian
4455,50_0_3_20170119205352398_00.png,Indian
4456,50_0_3_20170119205421127_00.png,Indian
4457,50_0_3_20170119205442263_00.png,Indian
4458,50_0_3_20170119205521664_00.png,Indian
4459,50_0_3_20170119205526776_00.png,Indian
4460,50_0_3_20170119205527856_00.png,Indian
4461,50_0_3_20170119205528760_00.png,Indian
4462,50_0_3_20170119205530376_00.png,Indian
4463,50_0_3_20170119205531336_00.png,Indian
4464,50_0_3_20170119205537439_00.png,Indian
4465,50_0_3_20170119205538583_00.png,Indian
4466,50_0_3_20170119205539984_00.png,Indian
4467,50_0_3_20170119205540968_00.png,Indian
4468,50_0_3_20170119205541880_00.png,Indian
4469,50_0_3_20170119205543104_00.png,Indian
4470,50_0_3_20170119205545190_00.png,Indian
4471,50_0_3_20170119205546104_00.png,Indian
4472,50_0_3_20170119205556344_00.png,Indian
4473,50_0_3_20170119205559383_00.png,Indian
4474,50_0_3_20170119205600824_00.png,Indian
4475,50_0_3_20170119205603287_00.png,Indian
4476,50_0_3_20170119211600321_00.png,Indian
4477,50_0_3_20170119211600321_01.png,Indian
4478,50_0_3_20170119211600321_02.png,Indian
4479,50_0_3_20170119211935657_00.png,Indian
4480,51_0_3_20170119175402515_00.png,Indian
4481,51_0_3_20170119181148220_00.png,Indian
4482,51_0_3_20170119200305083_00.png,Indian
4483,51_0_3_20170119205612416_00.png,Indian
4484,51_0_3_20170119205613657_00.png,Indian
4485,51_0_3_20170119205626592_00.png,Indian
4486,51_0_3_20170119205627558_00.png,Indian
4487,51_0_3_20170119205628400_00.png,Indian
4488,51_0_3_20170119205629231_00.png,Indian
4489,51_0_3_20170119205630063_00.png,Indian
4490,51_0_3_20170119211842089_00.png,Indian
4491,52_0_3_20170119181010188_00.png,Indian
4492,52_0_3_20170119200211340_00.png,Indian
4493,52_0_3_20170119200241996_00.png,Indian
4494,52_0_3_20170119200259595_00.png,Indian
4495,52_0_3_20170119200407188_00.png,Indian
4496,52_0_3_20170119204331863_00.png,Indian
4497,52_0_3_20170119204337838_00.png,Indian
4498,52_0_3_20170119205638160_00.png,Indian
4499,52_0_3_20170119205639336_00.png,Indian
4500,52_0_3_20170119205641007_00.png,Indian
4501,52_0_3_20170119205647136_00.png,Indian
4502,52_0_3_20170119205650336_00.png,Indian
4503,52_0_3_20170119205700727_00.png,Indian
4504,52_0_3_20170119205708991_00.png,Indian
4505,52_0_3_20170119205712208_00.png,Indian
4506,52_0_3_20170119205713544_00.png,Indian
4507,52_0_3_20170119205715174_00.png,Indian
4508,52_0_3_20170119205716424_00.png,Indian
4509,52_0_3_20170119205717649_00.png,Indian
4510,52_0_3_20170119205733615_00.png,Indian
4511,52_0_3_20170120140320609_00.png,Indian
4512,53_0_3_20170119164018532_00.png,Indian
4513,53_0_3_20170119164025958_00.png,Indian
4514,53_0_3_20170119164140382_00.png,Indian
4515,53_0_3_20170119181123292_00.png,Indian
4516,53_0_3_20170119201334485_00.png,Indian
4517,53_0_3_20170119201406708_00.png,Indian
4518,53_0_3_20170119202446453_00.png,Indian
4519,53_0_3_20170119205743575_00.png,Indian
4520,53_0_3_20170119205751190_00.png,Indian
4521,53_0_3_20170119205806352_00.png,Indian
4522,53_0_3_20170119205827904_00.png,Indian
4523,53_0_3_20170119205830000_00.png,Indian
4524,53_0_3_20170119205830896_00.png,Indian
4525,53_0_3_20170119205832000_00.png,Indian
4526,53_0_3_20170119205834160_00.png,Indian
4527,53_0_3_20170119205835771_00.png,Indian
4528,53_0_3_20170119205842672_00.png,Indian
4529,53_0_3_20170119205857264_00.png,Indian
4530,53_0_3_20170119205912343_00.png,Indian
4531,53_0_3_20170119205914040_00.png,Indian
4532,53_0_3_20170119205931304_00.png,Indian
4533,53_0_3_20170119212002295_00.png,Indian
4534,53_1_3_20170119164036366_00.png,Indian
4535,53_1_3_20170119200419883_00.png,Indian
4536,53_1_3_20170119205926527_00.png,Indian
4537,54_0_3_20170119164452509_00.png,Indian
4538,54_0_3_20170119180958035_00.png,Indian
4539,54_0_3_20170119181142982_00.png,Indian
4540,54_0_3_20170119183920621_00.png,Indian
4541,54_0_3_20170119184252470_00.png,Indian
4542,54_0_3_20170119200516380_00.png,Indian
4543,54_0_3_20170119200606516_00.png,Indian
4544,54_0_3_20170119200624157_00.png,Indian
4545,54_0_3_20170119201031709_00.png,Indian
4546,54_0_3_20170119201240675_00.png,Indian
4547,54_0_3_20170119201327821_00.png,Indian
4548,54_0_3_20170119201443709_00.png,Indian
4549,54_0_3_20170119201754083_00.png,Indian
4550,54_0_3_20170119202510190_00.png,Indian
4551,54_0_3_20170119210003773_00.png,Indian
4552,54_0_3_20170119210005473_00.png,Indian
4553,54_0_3_20170119210006573_00.png,Indian
4554,54_0_3_20170119210101042_00.png,Indian
4555,54_0_3_20170119210102142_00.png,Indian
4556,54_0_3_20170119210110894_00.png,Indian
4557,54_0_3_20170119210111784_00.png,Indian
4558,54_0_3_20170119210112712_00.png,Indian
4559,54_0_3_20170119210113528_00.png,Indian
4560,54_0_3_20170119210114392_00.png,Indian
4561,54_0_3_20170119210115168_00.png,Indian
4562,54_0_3_20170119210115904_00.png,Indian
4563,54_0_3_20170119210117464_00.png,Indian
4564,54_0_3_20170119210119072_00.png,Indian
4565,54_0_3_20170119210120352_00.png,Indian
4566,54_0_3_20170119210120352_01.png,Indian
4567,54_0_3_20170119210120352_02.png,Indian
4568,54_0_3_20170119210121447_00.png,Indian
4569,54_0_3_20170119210122240_00.png,Indian
4570,54_0_3_20170119210123256_00.png,Indian
4571,54_0_3_20170119210124368_00.png,Indian
4572,54_0_3_20170119210125311_00.png,Indian
4573,54_0_3_20170119210127256_00.png,Indian
4574,54_0_3_20170119210128472_00.png,Indian
4575,54_0_3_20170119210131208_00.png,Indian
4576,54_0_3_20170119210157496_00.png,Indian
4577,54_0_3_20170119210208992_00.png,Indian
4578,54_0_3_20170119210208992_01.png,Indian
4579,54_0_3_20170119210212104_00.png,Indian
4580,54_0_3_20170119210212976_00.png,Indian
4581,54_0_3_20170119210213777_00.png,Indian
4582,54_0_3_20170119210214520_00.png,Indian
4583,54_0_3_20170119210215231_00.png,Indian
4584,54_0_3_20170119210215919_00.png,Indian
4585,54_0_3_20170119210217153_00.png,Indian
4586,54_0_3_20170119210218868_00.png,Indian
4587,54_0_3_20170119210220552_00.png,Indian
4588,54_0_3_20170119210221456_00.png,Indian
4589,54_0_3_20170119210222264_00.png,Indian
4590,54_0_3_20170119210223969_00.png,Indian
4591,54_0_3_20170119210230016_00.png,Indian
4592,54_0_3_20170119210231791_00.png,Indian
4593,54_0_3_20170119211306371_00.png,Indian
4594,54_0_3_20170119211308521_00.png,Indian
4595,54_0_3_20170119211310928_00.png,Indian
4596,54_0_3_20170119211317280_00.png,Indian
4597,54_0_3_20170119211332737_00.png,Indian
4598,54_0_3_20170119211628321_00.png,Indian
4599,54_0_3_20170120134355574_00.png,Indian
4600,54_0_3_20170120134355574_01.png,Indian
4601,54_1_3_20170119202248869_00.png,Indian
4602,54_1_3_20170119211351832_00.png,Indian
4603,54_1_3_20170119211352971_00.png,Indian
4604,54_1_3_20170119211354201_00.png,Indian
4605,54_1_3_20170119211355210_00.png,Indian
4606,55_0_3_20170119154102401_00.png,Indian
4607,55_0_3_20170119155052371_00.png,Indian
4608,55_0_3_20170119171117830_00.png,Indian
4609,55_0_3_20170119171322926_00.png,Indian
4610,55_0_3_20170119171327855_00.png,Indian
4611,55_0_3_20170119171706159_00.png,Indian
4612,55_0_3_20170119171728191_00.png,Indian
4613,55_0_3_20170119171757096_00.png,Indian
4614,55_0_3_20170119171804112_00.png,Indian
4615,55_0_3_20170119171830808_00.png,Indian
4616,55_0_3_20170119180718883_00.png,Indian
4617,55_0_3_20170119180725108_00.png,Indian
4618,55_0_3_20170119180805746_00.png,Indian
4619,55_0_3_20170119180841322_00.png,Indian
4620,55_0_3_20170119181035677_00.png,Indian
4621,55_0_3_20170119181128452_00.png,Indian
4622,55_0_3_20170119181138452_00.png,Indian
4623,55_0_3_20170119181409916_00.png,Indian
4624,55_0_3_20170119181425916_00.png,Indian
4625,55_0_3_20170119183204846_00.png,Indian
4626,55_0_3_20170119183211767_00.png,Indian
4627,55_0_3_20170119184209837_00.png,Indian
4628,55_0_3_20170119194918107_00.png,Indian
4629,55_0_3_20170119195128779_00.png,Indian
4630,55_0_3_20170119195823299_00.png,Indian
4631,55_0_3_20170119200941652_00.png,Indian
4632,55_0_3_20170119201009922_00.png,Indian
4633,55_0_3_20170119201015604_00.png,Indian
4634,55_0_3_20170119201108715_00.png,Indian
4635,55_0_3_20170119201207516_00.png,Indian
4636,55_0_3_20170119201213412_00.png,Indian
4637,55_0_3_20170119201235270_00.png,Indian
4638,55_0_3_20170119201401100_00.png,Indian
4639,55_0_3_20170119201651189_00.png,Indian
4640,55_0_3_20170119201758443_00.png,Indian
4641,55_0_3_20170119202440701_00.png,Indian
4642,55_0_3_20170119202635230_00.png,Indian
4643,55_0_3_20170119202724469_00.png,Indian
4644,55_0_3_20170119203913495_00.png,Indian
4645,55_0_3_20170119203918423_00.png,Indian
4646,55_0_3_20170119203922271_00.png,Indian
4647,55_0_3_20170119204438679_00.png,Indian
4648,55_0_3_20170119204546494_00.png,Indian
4649,55_0_3_20170119204549750_00.png,Indian
4650,55_0_3_20170119204600605_00.png,Indian
4651,55_0_3_20170119204811925_00.png,Indian
4652,55_0_3_20170119204827472_00.png,Indian
4653,55_0_3_20170119205116040_00.png,Indian
4654,55_0_3_20170119205307824_00.png,Indian
4655,55_0_3_20170119205329112_00.png,Indian
4656,55_0_3_20170119205343062_00.png,Indian
4657,55_0_3_20170119205511952_00.png,Indian
4658,55_0_3_20170119205515441_00.png,Indian
4659,55_0_3_20170119211431441_00.png,Indian
4660,55_0_3_20170119211432745_00.png,Indian
4661,55_0_3_20170119211435313_00.png,Indian
4662,55_0_3_20170119211436800_00.png,Indian
4663,55_1_3_20170119154458097_00.png,Indian
4664,55_1_3_20170119171332121_00.png,Indian
4665,55_1_3_20170119175053900_00.png,Indian
4666,55_1_3_20170119180703420_00.png,Indian
4667,55_1_3_20170119180712508_00.png,Indian
4668,55_1_3_20170119192720664_00.png,Indian
4669,55_1_3_20170119195255556_00.png,Indian
4670,55_1_3_20170119200044963_00.png,Indian
4671,56_0_3_20170119152358239_00.png,Indian
4672,56_0_3_20170119174930466_00.png,Indian
4673,56_0_3_20170119180731484_00.png,Indian
4674,56_0_3_20170119180848388_00.png,Indian
4675,56_0_3_20170119183551541_00.png,Indian
4676,56_0_3_20170119192008015_00.png,Indian
4677,56_0_3_20170119192954299_00.png,Indian
4678,56_0_3_20170119195816363_00.png,Indian
4679,56_0_3_20170119201957245_00.png,Indian
4680,56_0_3_20170119211644664_00.png,Indian
4681,56_1_3_20170119181445803_00.png,Indian
4682,56_1_3_20170119183420176_00.png,Indian
4683,56_1_3_20170119192943673_00.png,Indian
4684,56_1_3_20170119211416888_00.png,Indian
4685,57_0_3_20170119181003564_00.png,Indian
4686,57_0_3_20170119181114683_00.png,Indian
4687,57_0_3_20170119183926056_00.png,Indian
4688,57_0_3_20170119201739436_00.png,Indian
4689,57_0_3_20170119211315720_00.png,Indian
4690,57_0_3_20170119211457489_00.png,Indian
4691,57_0_3_20170119211458431_00.png,Indian
4692,57_0_3_20170119211459705_00.png,Indian
4693,58_0_3_20170119165822974_00.png,Indian
4694,58_0_3_20170119181133308_00.png,Indian
4695,58_0_3_20170119195320690_00.png,Indian
4696,58_0_3_20170119201636156_00.png,Indian
4697,58_0_3_20170119211523632_00.png,Indian
4698,58_0_3_20170119211538977_00.png,Indian
4699,58_0_3_20170119211539872_00.png,Indian
4700,58_0_3_20170119211542128_00.png,Indian
4701,58_0_3_20170119211543234_00.png,Indian
4702,58_0_3_20170119211545409_00.png,Indian
4703,58_0_3_20170119211546505_00.png,Indian
4704,58_0_3_20170119211547537_00.png,Indian
4705,58_0_3_20170119211548329_00.png,Indian
4706,58_0_3_20170119211558385_00.png,Indian
4707,58_0_3_20170119211559343_00.png,Indian
4708,58_0_3_20170119211627367_00.png,Indian
4709,58_0_3_20170119211646161_00.png,Indian
4710,58_0_3_20170119211651056_00.png,Indian
4711,58_0_3_20170119211656985_00.png,Indian
4712,58_0_3_20170119211657945_00.png,Indian
4713,58_0_3_20170119211659305_00.png,Indian
4714,58_0_3_20170119211700248_00.png,Indian
4715,58_0_3_20170119211701065_00.png,Indian
4716,58_0_3_20170119211702050_00.png,Indian
4717,58_0_3_20170119211703657_00.png,Indian
4718,58_0_3_20170119211704736_00.png,Indian
4719,58_0_3_20170119211712697_00.png,Indian
4720,58_0_3_20170119211718370_00.png,Indian
4721,58_0_3_20170119211734608_00.png,Indian
4722,59_0_3_20170119200426948_00.png,Indian
4723,60_0_3_20170119201822925_00.png,Indian
4724,60_0_3_20170119203850894_00.png,Indian
4725,60_0_3_20170119203925892_00.png,Indian
4726,60_0_3_20170119203928983_00.png,Indian
4727,60_0_3_20170119204312254_00.png,Indian
4728,60_0_3_20170119204356982_00.png,Indian
4729,60_0_3_20170119204824288_00.png,Indian
4730,60_0_3_20170119204833974_00.png,Indian
4731,60_0_3_20170119205112264_00.png,Indian
4732,60_0_3_20170119205210630_00.png,Indian
4733,60_0_3_20170119205318975_00.png,Indian
4734,60_0_3_20170119205333190_00.png,Indian
4735,60_0_3_20170119205502432_00.png,Indian
4736,60_0_3_20170119205525232_00.png,Indian
4737,60_0_3_20170119205622888_00.png,Indian
4738,60_0_3_20170119205706295_00.png,Indian
4739,60_0_3_20170119205726487_00.png,Indian
4740,60_0_3_20170119205730463_00.png,Indian
4741,60_0_3_20170119205739654_00.png,Indian
4742,60_0_3_20170119205757055_00.png,Indian
4743,60_0_3_20170119205804806_00.png,Indian
4744,60_0_3_20170119205901832_00.png,Indian
4745,60_0_3_20170119205909616_00.png,Indian
4746,60_0_3_20170119205938048_00.png,Indian
4747,60_0_3_20170119205949319_00.png,Indian
4748,60_0_3_20170119210242095_00.png,Indian
4749,60_0_3_20170119211748888_00.png,Indian
4750,60_1_3_20170119171437890_00.png,Indian
4751,60_1_3_20170119204012575_00.png,Indian
4752,60_1_3_20170119205944312_00.png,Indian
4753,61_0_3_20170119211812241_00.png,Indian
4754,61_0_3_20170119211813409_00.png,Indian
4755,61_0_3_20170119211815067_00.png,Indian
4756,61_0_3_20170119211816513_00.png,Indian
4757,61_0_3_20170119211817688_00.png,Indian
4758,61_0_3_20170119211818505_00.png,Indian
4759,61_0_3_20170119211819474_00.png,Indian
4760,61_0_3_20170119211835296_00.png,Indian
4761,61_0_3_20170119211849977_00.png,Indian
4762,61_0_3_20170119211851089_00.png,Indian
4763,61_0_3_20170119211851937_00.png,Indian
4764,61_0_3_20170119211852753_00.png,Indian
4765,61_0_3_20170119211853505_00.png,Indian
4766,61_0_3_20170119211856632_00.png,Indian
4767,61_0_3_20170119211857657_00.png,Indian
4768,61_0_3_20170119211905592_00.png,Indian
4769,61_0_3_20170119211907034_00.png,Indian
4770,61_1_3_20170119211810610_00.png,Indian
4771,61_1_3_20170119211903336_00.png,Indian
4772,61_1_3_20170119211928409_00.png,Indian
4773,62_1_3_20170119211556000_00.png,Indian
4774,63_0_3_20170119205921327_00.png,Indian
4775,63_0_3_20170119211934680_00.png,Indian
4776,63_0_3_20170119211951488_00.png,Indian
4777,63_0_3_20170119211952608_00.png,Indian
4778,63_0_3_20170119211953569_00.png,Indian
4779,63_0_3_20170119212005016_00.png,Indian
4780,65_0_3_20170119164246893_00.png,Indian
4781,65_0_3_20170119171819688_00.png,Indian
4782,65_0_3_20170119201141428_00.png,Indian
4783,65_0_3_20170119203933382_00.png,Indian
4784,65_0_3_20170119203936910_00.png,Indian
4785,65_0_3_20170119205206575_00.png,Indian
4786,65_0_3_20170119205222598_00.png,Indian
4787,65_0_3_20170119205841400_00.png,Indian
4788,65_0_3_20170119205855505_00.png,Indian
4789,65_0_3_20170119210138599_00.png,Indian
4790,65_0_3_20170119210250623_00.png,Indian
4791,65_0_3_20170120225250881_00.png,Indian
4792,65_1_3_20170119201536077_00.png,Indian
4793,66_0_3_20170119153511665_00.png,Indian
4794,66_0_3_20170119160336443_00.png,Indian
4795,66_0_3_20170119180756808_00.png,Indian
4796,66_0_3_20170119212006015_00.png,Indian
4797,66_0_3_20170119212007271_00.png,Indian
4798,66_1_3_20170119183938127_00.png,Indian
4799,67_0_3_20170119212008184_00.png,Indian
4800,67_0_3_20170119212009145_00.png,Indian
4801,67_0_3_20170119212010042_00.png,Indian
4802,67_0_3_20170119212011081_00.png,Indian
4803,67_0_3_20170119212012082_00.png,Indian
4804,67_0_3_20170119212019810_00.png,Indian
4805,67_0_3_20170119212020850_00.png,Indian
4806,68_0_3_20170119152352911_00.png,Indian
4807,68_0_3_20170119184302094_00.png,Indian
4808,68_1_3_20170119212028089_00.png,Indian
4809,70_0_3_20170119181040603_00.png,Indian
4810,70_0_3_20170119184325439_00.png,Indian
4811,70_0_3_20170119192013226_00.png,Indian
4812,70_0_3_20170119203826438_00.png,Indian
4813,70_0_3_20170119205313583_00.png,Indian
4814,70_0_3_20170119205313583_01.png,Indian
4815,70_0_3_20170119205403079_00.png,Indian
4816,70_0_3_20170119205722199_00.png,Indian
4817,70_0_3_20170119205748663_00.png,Indian
4818,70_0_3_20170119205849176_00.png,Indian
4819,70_0_3_20170119210107813_00.png,Indian
4820,70_0_3_20170119210228526_00.png,Indian
4821,70_1_3_20170119150943854_00.png,Indian
4822,73_0_3_20170119212042841_00.png,Indian
4823,73_0_3_20170119212043986_00.png,Indian
4824,73_0_3_20170119212056296_00.png,Indian
4825,73_0_3_20170119212057504_00.png,Indian
4826,75_0_3_20170119204101959_00.png,Indian
4827,10_0_4_20170103200443015_00.png,Others
4828,10_0_4_20170103223451479_00.png,Others
4829,10_1_4_20170103200950879_00.png,Others
4830,11_0_4_20170103200621488_00.png,Others
4831,11_1_4_20161223225953124_00.png,Others
4832,11_1_4_20170103201747167_00.png,Others
4833,11_1_4_20170103212554964_00.png,Others
4834,11_1_4_20170103233340363_00.png,Others
4835,11_1_4_20170104005813063_00.png,Others
4836,11_1_4_20170109201611941_00.png,Others
4837,12_0_4_20170103200538198_00.png,Others
4838,12_0_4_20170103200555927_00.png,Others
4839,12_0_4_20170103200626630_00.png,Others
4840,12_0_4_20170103200908168_00.png,Others
4841,12_0_4_20170103201607807_00.png,Others
4842,12_0_4_20170103201824880_00.png,Others
4843,12_0_4_20170103205745050_00.png,Others
4844,12_1_4_20161223230033380_00.png,Others
4845,12_1_4_20170103200721583_00.png,Others
4846,12_1_4_20170103200804119_00.png,Others
4847,12_1_4_20170104011715593_00.png,Others
4848,12_1_4_20170109214232071_00.png,Others
4849,12_1_4_20170117201252893_00.png,Others
4850,13_0_4_20170103201708406_00.png,Others
4851,13_1_4_20170103200733438_00.png,Others
4852,13_1_4_20170103200913055_00.png,Others
4853,13_1_4_20170103201542217_00.png,Others
4854,13_1_4_20170103212548662_00.png,Others
4855,13_1_4_20170104005210478_00.png,Others
4856,13_1_4_20170104005323135_00.png,Others
4857,14_0_4_20170103200528094_00.png,Others
4858,14_0_4_20170103200608359_00.png,Others
4859,14_0_4_20170103200837103_00.png,Others
4860,14_0_4_20170103201105568_00.png,Others
4861,14_0_4_20170103201644927_00.png,Others
4862,14_0_4_20170103205138666_00.png,Others
4863,14_0_4_20170113145202254_00.png,Others
4864,14_0_4_20170117192737955_00.png,Others
4865,14_0_4_20170117193432868_00.png,Others
4866,14_0_4_20170117204503401_00.png,Others
4867,14_1_4_20170103200753206_00.png,Others
4868,14_1_4_20170103200917543_00.png,Others
4869,14_1_4_20170103201207132_00.png,Others
4870,14_1_4_20170103201225838_00.png,Others
4871,14_1_4_20170103233153851_00.png,Others
4872,15_0_4_20170103201002253_00.png,Others
4873,15_0_4_20170103201013615_00.png,Others
4874,15_0_4_20170103233214059_00.png,Others
4875,15_0_4_20170104011201568_00.png,Others
4876,15_0_4_20170110232416743_00.png,Others
4877,15_1_4_20170103200935782_00.png,Others
4878,15_1_4_20170103201201509_00.png,Others
4879,15_1_4_20170103201247846_00.png,Others
4880,15_1_4_20170103201254359_00.png,Others
4881,15_1_4_20170103201329807_00.png,Others
4882,15_1_4_20170103201445071_00.png,Others
4883,15_1_4_20170103214742821_00.png,Others
4884,15_1_4_20170103222927064_00.png,Others
4885,15_1_4_20170103223416559_00.png,Others
4886,15_1_4_20170103233208315_00.png,Others
4887,15_1_4_20170103233304142_00.png,Others
4888,15_1_4_20170103233348795_00.png,Others
4889,15_1_4_20170103233356803_00.png,Others
4890,15_1_4_20170103233441003_00.png,Others
4891,15_1_4_20170103234910356_00.png,Others
4892,15_1_4_20170104005807401_00.png,Others
4893,15_1_4_20170104005847968_00.png,Others
4894,15_1_4_20170109212947695_00.png,Others
4895,16_0_4_20161221200238647_00.png,Others
4896,16_0_4_20170102234702965_00.png,Others
4897,16_0_4_20170103201427977_00.png,Others
4898,16_0_4_20170103205822811_00.png,Others
4899,16_0_4_20170103233832570_00.png,Others
4900,16_0_4_20170104011805376_00.png,Others
4901,16_0_4_20170110231631592_00.png,Others
4902,16_0_4_20170110232131606_00.png,Others
4903,16_0_4_20170110232131606_01.png,Others
4904,16_0_4_20170110232131606_02.png,Others
4905,16_1_4_20170102234841875_00.png,Others
4906,16_1_4_20170103201021199_00.png,Others
4907,16_1_4_20170103201023166_00.png,Others
4908,16_1_4_20170103201025695_00.png,Others
4909,16_1_4_20170103201700919_00.png,Others
4910,16_1_4_20170103214347949_00.png,Others
4911,16_1_4_20170103223310543_00.png,Others
4912,16_1_4_20170103224851136_00.png,Others
4913,16_1_4_20170103233333235_00.png,Others
4914,16_1_4_20170103233406635_00.png,Others
4915,16_1_4_20170103233818803_00.png,Others
4916,16_1_4_20170103234142187_00.png,Others
4917,16_1_4_20170104005411807_00.png,Others
4918,16_1_4_20170104011755640_00.png,Others
4919,17_0_4_20170102234904707_00.png,Others
4920,17_0_4_20170103201055366_00.png,Others
4921,17_0_4_20170103201116511_00.png,Others
4922,17_0_4_20170103210008641_00.png,Others
4923,17_0_4_20170103212532692_00.png,Others
4924,17_0_4_20170103234631508_00.png,Others
4925,17_0_4_20170103234633420_00.png,Others
4926,17_1_4_20161223214728028_00.png,Others
4927,17_1_4_20170102234911226_00.png,Others
4928,17_1_4_20170103201233799_00.png,Others
4929,17_1_4_20170103201513799_00.png,Others
4930,17_1_4_20170103212235036_00.png,Others
4931,17_1_4_20170103222920542_00.png,Others
4932,17_1_4_20170103222931966_00.png,Others
4933,17_1_4_20170103233515202_00.png,Others
4934,17_1_4_20170103233523157_00.png,Others
4935,17_1_4_20170103233548115_00.png,Others
4936,17_1_4_20170103234135204_00.png,Others
4937,17_1_4_20170103234147843_00.png,Others
4938,17_1_4_20170104011834409_00.png,Others
4939,17_1_4_20170117193142374_00.png,Others
4940,18_0_4_20170103201305015_00.png,Others
4941,18_0_4_20170103201550447_00.png,Others
4942,18_0_4_20170103205858722_00.png,Others
4943,18_0_4_20170103234736836_00.png,Others
4944,18_0_4_20170104011044048_00.png,Others
4945,18_0_4_20170105183328551_00.png,Others
4946,18_1_4_20161221195815432_00.png,Others
4947,18_1_4_20161223230852802_00.png,Others
4948,18_1_4_20161223232148173_00.png,Others
4949,18_1_4_20170103201320721_00.png,Others
4950,18_1_4_20170103222943622_00.png,Others
4951,18_1_4_20170103222949566_00.png,Others
4952,18_1_4_20170103223026335_00.png,Others
4953,18_1_4_20170103223037503_00.png,Others
4954,18_1_4_20170103223304623_00.png,Others
4955,18_1_4_20170103224632313_00.png,Others
4956,18_1_4_20170103234101020_00.png,Others
4957,18_1_4_20170109212430115_00.png,Others
4958,18_1_4_20170116211941006_00.png,Others
4959,18_1_4_20170117140224544_00.png,Others
4960,18_1_4_20170117185609466_00.png,Others
4961,18_1_4_20170117193229357_00.png,Others
4962,19_0_4_20170102233259362_00.png,Others
4963,19_0_4_20170103201854223_00.png,Others
4964,19_0_4_20170103234723267_00.png,Others
4965,19_0_4_20170117193404789_00.png,Others
4966,19_1_4_20170102235050099_00.png,Others
4967,19_1_4_20170103201653879_00.png,Others
4968,19_1_4_20170103201818104_00.png,Others
4969,19_1_4_20170103223231399_00.png,Others
4970,19_1_4_20170103224609304_00.png,Others
4971,19_1_4_20170103233712235_00.png,Others
4972,19_1_4_20170103234123155_00.png,Others
4973,19_1_4_20170109192214298_00.png,Others
4974,20_0_4_20170102233239947_00.png,Others
4975,20_0_4_20170103234731301_00.png,Others
4976,20_0_4_20170103234738979_00.png,Others
4977,20_0_4_20170105161709125_00.png,Others
4978,20_0_4_20170113133058865_00.png,Others
4979,20_0_4_20170117193437251_00.png,Others
4980,20_0_4_20170117193449429_00.png,Others
4981,20_0_4_20170117193454180_00.png,Others
4982,20_0_4_20170117193505639_00.png,Others
4983,20_0_4_20170117203144623_00.png,Others
4984,20_1_4_20161223230050564_00.png,Others
4985,20_1_4_20161223230110540_00.png,Others
4986,20_1_4_20161223230115267_00.png,Others
4987,20_1_4_20170103201807368_00.png,Others
4988,20_1_4_20170103212722908_00.png,Others
4989,20_1_4_20170103223033527_00.png,Others
4990,20_1_4_20170103223117967_00.png,Others
4991,20_1_4_20170103223121735_00.png,Others
4992,20_1_4_20170103223123528_00.png,Others
4993,20_1_4_20170103223401848_00.png,Others
4994,20_1_4_20170103224354767_00.png,Others
4995,20_1_4_20170103224446743_00.png,Others
4996,20_1_4_20170103224540624_00.png,Others
4997,20_1_4_20170103224557431_00.png,Others
4998,20_1_4_20170103225040370_00.png,Others
4999,20_1_4_20170103225149441_00.png,Others
5000,20_1_4_20170103225902242_00.png,Others
5001,20_1_4_20170103230215713_00.png,Others
5002,20_1_4_20170103230550945_00.png,Others
5003,20_1_4_20170103233322026_00.png,Others
5004,20_1_4_20170103233649970_00.png,Others
5005,20_1_4_20170103233719339_00.png,Others
5006,20_1_4_20170104005353062_00.png,Others
5007,20_1_4_20170105183316775_00.png,Others
5008,20_1_4_20170117192614487_00.png,Others
5009,20_1_4_20170117193602482_00.png,Others
5010,20_1_4_20170117193608005_00.png,Others
5011,21_0_4_20161223214759249_00.png,Others
5012,21_0_4_20161223214802865_00.png,Others
5013,21_0_4_20161223214805057_00.png,Others
5014,21_0_4_20161223214812864_00.png,Others
5015,21_0_4_20161223214813672_00.png,Others
5016,21_0_4_20161223214820169_00.png,Others
5017,21_0_4_20161223214821265_00.png,Others
5018,21_0_4_20161223214823880_00.png,Others
5019,21_0_4_20161223214825003_00.png,Others
5020,21_0_4_20161223214826657_00.png,Others
5021,21_0_4_20161223214827816_00.png,Others
5022,21_0_4_20161223214829361_00.png,Others
5023,21_0_4_20161223214830361_00.png,Others
5024,21_0_4_20161223214831392_00.png,Others
5025,21_0_4_20161223214833090_00.png,Others
5026,21_0_4_20161223214834033_00.png,Others
5027,21_0_4_20161223214834745_00.png,Others
5028,21_0_4_20161223214835183_00.png,Others
5029,21_0_4_20161223214836609_00.png,Others
5030,21_0_4_20161223214837442_00.png,Others
5031,21_0_4_20161223214838473_00.png,Others
5032,21_0_4_20170103210434754_00.png,Others
5033,21_0_4_20170103223143358_00.png,Others
5034,21_0_4_20170103230615993_00.png,Others
5035,21_0_4_20170114030756751_00.png,Others
5036,21_0_4_20170117141839865_00.png,Others
5037,21_1_4_20161221193302541_00.png,Others
5038,21_1_4_20161221195948192_00.png,Others
5039,21_1_4_20161223225837372_00.png,Others
5040,21_1_4_20170103180619480_00.png,Others
5041,21_1_4_20170103201905647_00.png,Others
5042,21_1_4_20170103223150726_00.png,Others
5043,21_1_4_20170103223204087_00.png,Others
5044,21_1_4_20170103223208902_00.png,Others
5045,21_1_4_20170103223234959_00.png,Others
5046,21_1_4_20170103223237335_00.png,Others
5047,21_1_4_20170103223240255_00.png,Others
5048,21_1_4_20170103223244111_00.png,Others
5049,21_1_4_20170103223249191_00.png,Others
5050,21_1_4_20170103223253239_00.png,Others
5051,21_1_4_20170103223636607_00.png,Others
5052,21_1_4_20170103224431735_00.png,Others
5053,21_1_4_20170103224438000_00.png,Others
5054,21_1_4_20170103224520560_00.png,Others
5055,21_1_4_20170103224936983_00.png,Others
5056,21_1_4_20170103225014665_00.png,Others
5057,21_1_4_20170103225020282_00.png,Others
5058,21_1_4_20170103225212711_00.png,Others
5059,21_1_4_20170103230000841_00.png,Others
5060,21_1_4_20170103230521217_00.png,Others
5061,21_1_4_20170103233532676_00.png,Others
5062,21_1_4_20170103233920299_00.png,Others
5063,21_1_4_20170103233924667_00.png,Others
5064,21_1_4_20170103234037067_00.png,Others
5065,21_1_4_20170104005731615_00.png,Others
5066,21_1_4_20170117193725542_00.png,Others
5067,21_1_4_20170117193741701_00.png,Others
5068,21_1_4_20170117193754349_00.png,Others
5069,22_0_4_20161221200222680_00.png,Others
5070,22_0_4_20161221202100745_00.png,Others
5071,22_0_4_20170103201524479_00.png,Others
5072,22_0_4_20170103210108168_00.png,Others
5073,22_0_4_20170103224652599_00.png,Others
5074,22_0_4_20170103224931632_00.png,Others
5075,22_0_4_20170103234043547_00.png,Others
5076,22_0_4_20170103234615652_00.png,Others
5077,22_0_4_20170103235414540_00.png,Others
5078,22_0_4_20170104011059408_00.png,Others
5079,22_0_4_20170104213712014_00.png,Others
5080,22_0_4_20170117193912061_00.png,Others
5081,22_1_4_20161221195925096_00.png,Others
5082,22_1_4_20161223225936076_00.png,Others
5083,22_1_4_20170103180220911_00.png,Others
5084,22_1_4_20170103212717246_00.png,Others
5085,22_1_4_20170103223002341_00.png,Others
5086,22_1_4_20170103223042983_00.png,Others
5087,22_1_4_20170103223216583_00.png,Others
5088,22_1_4_20170103223330567_00.png,Others
5089,22_1_4_20170103223351703_00.png,Others
5090,22_1_4_20170103223356448_00.png,Others
5091,22_1_4_20170103223405215_00.png,Others
5092,22_1_4_20170103223419073_00.png,Others
5093,22_1_4_20170103223649399_00.png,Others
5094,22_1_4_20170103224424415_00.png,Others
5095,22_1_4_20170103224503415_00.png,Others
5096,22_1_4_20170103224814016_00.png,Others
5097,22_1_4_20170103224958800_00.png,Others
5098,22_1_4_20170103225112465_00.png,Others
5099,22_1_4_20170103225134240_00.png,Others
5100,22_1_4_20170103225813392_00.png,Others
5101,22_1_4_20170103233328523_00.png,Others
5102,22_1_4_20170103233642227_00.png,Others
5103,22_1_4_20170103233803763_00.png,Others
5104,22_1_4_20170103233857003_00.png,Others
5105,22_1_4_20170103234706499_00.png,Others
5106,22_1_4_20170104005431327_00.png,Others
5107,22_1_4_20170112233623976_00.png,Others
5108,22_1_4_20170112233746160_00.png,Others
5109,22_1_4_20170112233752904_00.png,Others
5110,22_1_4_20170117143710577_00.png,Others
5111,22_1_4_20170117143713802_00.png,Others
5112,22_1_4_20170117145350418_00.png,Others
5113,22_1_4_20170117193939053_00.png,Others
5114,22_1_4_20170117193954085_00.png,Others
5115,22_1_4_20170117193956629_00.png,Others
5116,22_1_4_20170117193958245_00.png,Others
5117,23_0_4_20170102233413972_00.png,Others
5118,23_0_4_20170103180302079_00.png,Others
5119,23_0_4_20170103234915411_00.png,Others
5120,23_0_4_20170103234919628_00.png,Others
5121,23_0_4_20170116221049556_00.png,Others
5122,23_0_4_20170117144105491_00.png,Others
5123,23_0_4_20170117194027228_00.png,Others
5124,23_0_4_20170117194033772_00.png,Others
5125,23_0_4_20170117194059597_00.png,Others
5126,23_0_4_20170117194102020_00.png,Others
5127,23_0_4_20170117194130117_00.png,Others
5128,23_1_4_20161223214744290_00.png,Others
5129,23_1_4_20161223214747066_00.png,Others
5130,23_1_4_20161223230008236_00.png,Others
5131,23_1_4_20161223230013995_00.png,Others
5132,23_1_4_20170103212744381_00.png,Others
5133,23_1_4_20170103223102032_00.png,Others
5134,23_1_4_20170103223410718_00.png,Others
5135,23_1_4_20170103223443239_00.png,Others
5136,23_1_4_20170103223551622_00.png,Others
5137,23_1_4_20170103223554895_00.png,Others
5138,23_1_4_20170103223558799_00.png,Others
5139,23_1_4_20170103223600551_00.png,Others
5140,23_1_4_20170103223615095_00.png,Others
5141,23_1_4_20170103223618431_00.png,Others
5142,23_1_4_20170103224258631_00.png,Others
5143,23_1_4_20170103224510895_00.png,Others
5144,23_1_4_20170103225140728_00.png,Others
5145,23_1_4_20170103225807185_00.png,Others
5146,23_1_4_20170103233611875_00.png,Others
5147,23_1_4_20170103233615355_00.png,Others
5148,23_1_4_20170103233619053_00.png,Others
5149,23_1_4_20170104011031984_00.png,Others
5150,23_1_4_20170117144906730_00.png,Others
5151,23_1_4_20170117183858768_00.png,Others
5152,23_1_4_20170117194143181_00.png,Others
5153,23_1_4_20170117194147485_00.png,Others
5154,23_1_4_20170117194240867_00.png,Others
5155,23_1_4_20170117194259323_00.png,Others
5156,23_1_4_20170117194303197_00.png,Others
5157,23_1_4_20170117194311620_00.png,Others
5158,23_1_4_20170117194314062_00.png,Others
5159,23_1_4_20170117194317100_00.png,Others
5160,23_1_4_20170117194319028_00.png,Others
5161,24_0_4_20161219192105922_00.png,Others
5162,24_0_4_20170102233500506_00.png,Others
5163,24_0_4_20170103210052027_00.png,Others
5164,24_0_4_20170103210118506_00.png,Others
5165,24_0_4_20170103223915799_00.png,Others
5166,24_0_4_20170103223928055_00.png,Others
5167,24_0_4_20170103224944762_00.png,Others
5168,24_0_4_20170103234945243_00.png,Others
5169,24_0_4_20170103234950908_00.png,Others
5170,24_0_4_20170113151020448_00.png,Others
5171,24_0_4_20170115205946148_00.png,Others
5172,24_0_4_20170116232936514_00.png,Others
5173,24_0_4_20170117145146997_00.png,Others
5174,24_0_4_20170117145152514_00.png,Others
5175,24_0_4_20170117145214993_00.png,Others
5176,24_0_4_20170117145314932_00.png,Others
5177,24_0_4_20170117145341818_00.png,Others
5178,24_0_4_20170117145354835_00.png,Others
5179,24_0_4_20170117145619730_00.png,Others
5180,24_0_4_20170117145745474_00.png,Others
5181,24_0_4_20170117145745635_00.png,Others
5182,24_0_4_20170117145915428_00.png,Others
5183,24_0_4_20170117145917765_00.png,Others
5184,24_0_4_20170117194435668_00.png,Others
5185,24_0_4_20170117194540395_00.png,Others
5186,24_1_4_20161223231327524_00.png,Others
5187,24_1_4_20170102233433610_00.png,Others
5188,24_1_4_20170103212802644_00.png,Others
5189,24_1_4_20170103212911364_00.png,Others
5190,24_1_4_20170103212924934_00.png,Others
5191,24_1_4_20170103223129750_00.png,Others
5192,24_1_4_20170103223158047_00.png,Others
5193,24_1_4_20170103223348808_00.png,Others
5194,24_1_4_20170103223710519_00.png,Others
5195,24_1_4_20170103223727135_00.png,Others
5196,24_1_4_20170103223907208_00.png,Others
5197,24_1_4_20170103223911478_00.png,Others
5198,24_1_4_20170103223935080_00.png,Others
5199,24_1_4_20170103223940759_00.png,Others
5200,24_1_4_20170103223954911_00.png,Others
5201,24_1_4_20170103224247127_00.png,Others
5202,24_1_4_20170103224348784_00.png,Others
5203,24_1_4_20170103224531167_00.png,Others
5204,24_1_4_20170103224550520_00.png,Others
5205,24_1_4_20170103224804680_00.png,Others
5206,24_1_4_20170103224843361_00.png,Others
5207,24_1_4_20170103224910931_00.png,Others
5208,24_1_4_20170103225121913_00.png,Others
5209,24_1_4_20170103225201704_00.png,Others
5210,24_1_4_20170103225908457_00.png,Others
5211,24_1_4_20170103230137338_00.png,Others
5212,24_1_4_20170103230402800_00.png,Others
5213,24_1_4_20170103230420760_00.png,Others
5214,24_1_4_20170103233659572_00.png,Others
5215,24_1_4_20170103233810029_00.png,Others
5216,24_1_4_20170103233956963_00.png,Others
5217,24_1_4_20170103234017197_00.png,Others
5218,24_1_4_20170103234050620_00.png,Others
5219,24_1_4_20170103235057348_00.png,Others
5220,24_1_4_20170103235745076_00.png,Others
5221,24_1_4_20170104005530664_00.png,Others
5222,24_1_4_20170104005617062_00.png,Others
5223,24_1_4_20170104005830151_00.png,Others
5224,24_1_4_20170105183531601_00.png,Others
5225,24_1_4_20170115235433094_00.png,Others
5226,24_1_4_20170116214244943_00.png,Others
5227,24_1_4_20170116220449622_00.png,Others
5228,24_1_4_20170116222729168_00.png,Others
5229,24_1_4_20170117010442715_00.png,Others
5230,24_1_4_20170117145459404_00.png,Others
5231,24_1_4_20170117150332484_00.png,Others
5232,24_1_4_20170117150458348_00.png,Others
5233,24_1_4_20170117150521764_00.png,Others
5234,24_1_4_20170117150615516_00.png,Others
5235,24_1_4_20170117150622299_00.png,Others
5236,24_1_4_20170117150624909_00.png,Others
5237,24_1_4_20170117150626732_00.png,Others
5238,24_1_4_20170117150628875_00.png,Others
5239,24_1_4_20170117150635877_00.png,Others
5240,24_1_4_20170117150727939_00.png,Others
5241,24_1_4_20170117150737098_00.png,Others
5242,24_1_4_20170117194337597_00.png,Others
5243,24_1_4_20170117194745325_00.png,Others
5244,24_1_4_20170117194806829_00.png,Others
5245,24_1_4_20170117194809365_00.png,Others
5246,24_1_4_20170117194821716_00.png,Others
5247,24_1_4_20170117194829684_00.png,Others
5248,24_1_4_20170117194833796_00.png,Others
5249,24_1_4_20170117194842219_00.png,Others
5250,24_1_4_20170117194845444_00.png,Others
5251,24_1_4_20170117194848067_00.png,Others
5252,24_1_4_20170117194850412_00.png,Others
5253,24_1_4_20170117194854468_00.png,Others
5254,24_1_4_20170120133956991_00.png,Others
5255,25_0_4_20170103230228713_00.png,Others
5256,25_0_4_20170103233741427_00.png,Others
5257,25_0_4_20170103235109805_00.png,Others
5258,25_0_4_20170103235145124_00.png,Others
5259,25_0_4_20170113133140464_00.png,Others
5260,25_0_4_20170113133224545_00.png,Others
5261,25_0_4_20170113180523812_00.png,Others
5262,25_0_4_20170114034244572_00.png,Others
5263,25_0_4_20170116001358842_00.png,Others
5264,25_0_4_20170116003106425_00.png,Others
5265,25_0_4_20170117144100122_00.png,Others
5266,25_0_4_20170117151003346_00.png,Others
5267,25_0_4_20170117151354244_00.png,Others
5268,25_0_4_20170117151414412_00.png,Others
5269,25_0_4_20170117151632205_00.png,Others
5270,25_0_4_20170117155154894_00.png,Others
5271,25_0_4_20170117193004258_00.png,Others
5272,25_0_4_20170117193022316_00.png,Others
5273,25_0_4_20170117195006460_00.png,Others
5274,25_0_4_20170117195016421_00.png,Others
5275,25_0_4_20170117195023516_00.png,Others
5276,25_1_4_20161220222242243_00.png,Others
5277,25_1_4_20161221193646742_00.png,Others
5278,25_1_4_20161221195850512_00.png,Others
5279,25_1_4_20161223214751864_00.png,Others
5280,25_1_4_20161223230018963_00.png,Others
5281,25_1_4_20170103180849713_00.png,Others
5282,25_1_4_20170103182320042_00.png,Others
5283,25_1_4_20170103210241074_00.png,Others
5284,25_1_4_20170103212758572_00.png,Others
5285,25_1_4_20170103223138663_00.png,Others
5286,25_1_4_20170103223548135_00.png,Others
5287,25_1_4_20170103223722679_00.png,Others
5288,25_1_4_20170103224600280_00.png,Others
5289,25_1_4_20170103224747408_00.png,Others
5290,25_1_4_20170103225751729_00.png,Others
5291,25_1_4_20170103225922392_00.png,Others
5292,25_1_4_20170103230205288_00.png,Others
5293,25_1_4_20170103230211911_00.png,Others
5294,25_1_4_20170103230304689_00.png,Others
5295,25_1_4_20170103233749355_00.png,Others
5296,25_1_4_20170103234056789_00.png,Others
5297,25_1_4_20170103235222492_00.png,Others
5298,25_1_4_20170117123859839_00.png,Others
5299,25_1_4_20170117150546627_00.png,Others
5300,25_1_4_20170117151122740_00.png,Others
5301,25_1_4_20170117152015997_00.png,Others
5302,25_1_4_20170117193445813_00.png,Others
5303,25_1_4_20170117193813573_00.png,Others
5304,25_1_4_20170117193933452_00.png,Others
5305,25_1_4_20170117195141428_00.png,Others
5306,25_1_4_20170117195158652_00.png,Others
5307,25_1_4_20170119164406148_00.png,Others
5308,26_0_4_20170103214633693_00.png,Others
5309,26_0_4_20170103224832945_00.png,Others
5310,26_0_4_20170103224903432_00.png,Others
5311,26_0_4_20170103235020885_00.png,Others
5312,26_0_4_20170103235233157_00.png,Others
5313,26_0_4_20170103235258756_00.png,Others
5314,26_0_4_20170103235328516_00.png,Others
5315,26_0_4_20170103235333148_00.png,Others
5316,26_0_4_20170103235338373_00.png,Others
5317,26_0_4_20170103235404028_00.png,Others
5318,26_0_4_20170103235427740_00.png,Others
5319,26_0_4_20170103235429853_00.png,Others
5320,26_0_4_20170103235432764_00.png,Others
5321,26_0_4_20170103235523972_00.png,Others
5322,26_0_4_20170103235546910_00.png,Others
5323,26_0_4_20170103235609892_00.png,Others
5324,26_0_4_20170103235645596_00.png,Others
5325,26_0_4_20170104165424576_00.png,Others
5326,26_0_4_20170104170011130_00.png,Others
5327,26_0_4_20170104200600267_00.png,Others
5328,26_0_4_20170105162624331_00.png,Others
5329,26_0_4_20170105163503003_00.png,Others
5330,26_0_4_20170108224531895_00.png,Others
5331,26_0_4_20170113175636526_00.png,Others
5332,26_0_4_20170116182154649_00.png,Others
5333,26_0_4_20170116182250630_00.png,Others
5334,26_0_4_20170116183518793_00.png,Others
5335,26_0_4_20170116192438997_00.png,Others
5336,26_0_4_20170116192510762_00.png,Others
5337,26_0_4_20170116193007097_00.png,Others
5338,26_0_4_20170117152317187_00.png,Others
5339,26_0_4_20170117152521052_00.png,Others
5340,26_0_4_20170117152714787_00.png,Others
5341,26_0_4_20170117152758143_00.png,Others
5342,26_0_4_20170117153015117_00.png,Others
5343,26_0_4_20170117153025829_00.png,Others
5344,26_0_4_20170117153243021_00.png,Others
5345,26_0_4_20170117153320853_00.png,Others
5346,26_0_4_20170117153355923_00.png,Others
5347,26_0_4_20170117153404221_00.png,Others
5348,26_0_4_20170117153648990_00.png,Others
5349,26_0_4_20170117153706349_00.png,Others
5350,26_0_4_20170117153949109_00.png,Others
5351,26_0_4_20170117154033686_00.png,Others
5352,26_0_4_20170117154446109_00.png,Others
5353,26_0_4_20170117172722652_00.png,Others
5354,26_0_4_20170117195406973_00.png,Others
5355,26_0_4_20170117195456708_00.png,Others
5356,26_0_4_20170117195459004_00.png,Others
5357,26_0_4_20170117195657219_00.png,Others
5358,26_0_4_20170117195705718_00.png,Others
5359,26_0_4_20170117195713037_00.png,Others
5360,26_0_4_20170117195717237_00.png,Others
5361,26_0_4_20170117195754045_00.png,Others
5362,26_0_4_20170117195846957_00.png,Others
5363,26_0_4_20170117195915493_00.png,Others
5364,26_0_4_20170117200017039_00.png,Others
5365,26_0_4_20170117200020292_00.png,Others
5366,26_0_4_20170117200038821_00.png,Others
5367,26_0_4_20170117200423270_00.png,Others
5368,26_0_4_20170117200431437_00.png,Others
5369,26_0_4_20170117200446422_00.png,Others
5370,26_0_4_20170117200533197_00.png,Others
5371,26_0_4_20170117200550222_00.png,Others
5372,26_0_4_20170117201113262_00.png,Others
5373,26_0_4_20170120140013888_00.png,Others
5374,26_1_4_20161221193657350_00.png,Others
5375,26_1_4_20161221193701030_00.png,Others
5376,26_1_4_20161221193703783_00.png,Others
5377,26_1_4_20161221200012536_00.png,Others
5378,26_1_4_20170103213051380_00.png,Others
5379,26_1_4_20170103213122476_00.png,Others
5380,26_1_4_20170103214211386_00.png,Others
5381,26_1_4_20170103224710662_00.png,Others
5382,26_1_4_20170103224820592_00.png,Others
5383,26_1_4_20170103224820592_01.png,Others
5384,26_1_4_20170103225002166_00.png,Others
5385,26_1_4_20170103225054720_00.png,Others
5386,26_1_4_20170103225117416_00.png,Others
5387,26_1_4_20170103225125224_00.png,Others
5388,26_1_4_20170103225129568_00.png,Others
5389,26_1_4_20170103225204177_00.png,Others
5390,26_1_4_20170103225817689_00.png,Others
5391,26_1_4_20170103225928346_00.png,Others
5392,26_1_4_20170103230004440_00.png,Others
5393,26_1_4_20170103230455729_00.png,Others
5394,26_1_4_20170103230503161_00.png,Others
5395,26_1_4_20170103234115237_00.png,Others
5396,26_1_4_20170103235605244_00.png,Others
5397,26_1_4_20170103235712113_00.png,Others
5398,26_1_4_20170105164223948_00.png,Others
5399,26_1_4_20170109002629914_00.png,Others
5400,26_1_4_20170116154322277_00.png,Others
5401,26_1_4_20170116220414012_00.png,Others
5402,26_1_4_20170117143809650_00.png,Others
5403,26_1_4_20170117152504299_00.png,Others
5404,26_1_4_20170117152921443_00.png,Others
5405,26_1_4_20170117153408062_00.png,Others
5406,26_1_4_20170117153828843_00.png,Others
5407,26_1_4_20170117154047070_00.png,Others
5408,26_1_4_20170117154137164_00.png,Others
5409,26_1_4_20170117154150500_00.png,Others
5410,26_1_4_20170117154327501_00.png,Others
5411,26_1_4_20170117154432964_00.png,Others
5412,26_1_4_20170117154442702_00.png,Others
5413,26_1_4_20170117173903318_00.png,Others
5414,26_1_4_20170117174023997_00.png,Others
5415,26_1_4_20170117174054694_00.png,Others
5416,26_1_4_20170117174112221_00.png,Others
5417,26_1_4_20170117174153056_00.png,Others
5418,26_1_4_20170117174218966_00.png,Others
5419,26_1_4_20170117174310909_00.png,Others
5420,26_1_4_20170117174316560_00.png,Others
5421,26_1_4_20170117174327119_00.png,Others
5422,26_1_4_20170117174512949_00.png,Others
5423,26_1_4_20170117174527047_00.png,Others
5424,26_1_4_20170117174529702_00.png,Others
5425,26_1_4_20170117195954341_00.png,Others
5426,26_1_4_20170117200115644_00.png,Others
5427,26_1_4_20170117200208341_00.png,Others
5428,26_1_4_20170117200211019_00.png,Others
5429,26_1_4_20170117200213443_00.png,Others
5430,26_1_4_20170117200301221_00.png,Others
5431,26_1_4_20170117200419213_00.png,Others
5432,26_1_4_20170117200442221_00.png,Others
5433,26_1_4_20170117201058830_00.png,Others
5434,26_1_4_20170117201351845_00.png,Others
5435,26_1_4_20170117201446708_00.png,Others
5436,26_1_4_20170117201452666_00.png,Others
5437,26_1_4_20170117201454965_00.png,Others
5438,26_1_4_20170117201456142_00.png,Others
5439,26_1_4_20170117201457622_00.png,Others
5440,26_1_4_20170117201501054_00.png,Others
5441,26_1_4_20170117201502838_00.png,Others
5442,26_1_4_20170117201509118_00.png,Others
5443,26_1_4_20170117201548014_00.png,Others
5444,26_1_4_20170117201612869_00.png,Others
5445,26_1_4_20170117201620471_00.png,Others
5446,26_1_4_20170117201645720_00.png,Others
5447,26_1_4_20170117201650134_00.png,Others
5448,26_1_4_20170117201736159_00.png,Others
5449,26_1_4_20170117201852933_00.png,Others
5450,26_1_4_20170117201912672_00.png,Others
5451,26_1_4_20170117202038959_00.png,Others
5452,27_0_4_20161219194059843_00.png,Others
5453,27_0_4_20170103234827428_00.png,Others
5454,27_0_4_20170103235409988_00.png,Others
5455,27_0_4_20170103235752276_00.png,Others
5456,27_0_4_20170103235757172_00.png,Others
5457,27_0_4_20170103235800445_00.png,Others
5458,27_0_4_20170104002159117_00.png,Others
5459,27_0_4_20170104011307960_00.png,Others
5460,27_0_4_20170104194349352_00.png,Others
5461,27_0_4_20170105163841596_00.png,Others
5462,27_0_4_20170113133316808_00.png,Others
5463,27_0_4_20170113134023216_00.png,Others
5464,27_0_4_20170117010754780_00.png,Others
5465,27_0_4_20170117120137595_00.png,Others
5466,27_0_4_20170117120226377_00.png,Others
5467,27_0_4_20170117150054594_00.png,Others
5468,27_0_4_20170117191142869_00.png,Others
5469,27_0_4_20170117202117229_00.png,Others
5470,27_0_4_20170117202219111_00.png,Others
5471,27_1_4_20170103175504767_00.png,Others
5472,27_1_4_20170103181806561_00.png,Others
5473,27_1_4_20170103182145377_00.png,Others
5474,27_1_4_20170103183838762_00.png,Others
5475,27_1_4_20170103210539730_00.png,Others
5476,27_1_4_20170103223631359_00.png,Others
5477,27_1_4_20170103225912217_00.png,Others
5478,27_1_4_20170103230157624_00.png,Others
5479,27_1_4_20170103230450385_00.png,Others
5480,27_1_4_20170103230557794_00.png,Others
5481,27_1_4_20170103234931350_00.png,Others
5482,27_1_4_20170103235051403_00.png,Others
5483,27_1_4_20170104165220264_00.png,Others
5484,27_1_4_20170112234325680_00.png,Others
5485,27_1_4_20170113011320472_00.png,Others
5486,27_1_4_20170116180404068_00.png,Others
5487,27_1_4_20170116211825926_00.png,Others
5488,27_1_4_20170117164636325_00.png,Others
5489,27_1_4_20170117202236181_00.png,Others
5490,28_0_4_20170103184156947_00.png,Others
5491,28_0_4_20170103235229669_00.png,Others
5492,28_0_4_20170103235312020_00.png,Others
5493,28_0_4_20170103235541444_00.png,Others
5494,28_0_4_20170103235814852_00.png,Others
5495,28_0_4_20170103235818508_00.png,Others
5496,28_0_4_20170103235827230_00.png,Others
5497,28_0_4_20170104201846426_00.png,Others
5498,28_0_4_20170105162459467_00.png,Others
5499,28_0_4_20170105163451675_00.png,Others
5500,28_0_4_20170105163707258_00.png,Others
5501,28_0_4_20170105183852672_00.png,Others
5502,28_0_4_20170109002923202_00.png,Others
5503,28_0_4_20170109002937845_00.png,Others
5504,28_0_4_20170109140345949_00.png,Others
5505,28_0_4_20170113150805663_00.png,Others
5506,28_0_4_20170116021158408_00.png,Others
5507,28_0_4_20170116182445736_00.png,Others
5508,28_0_4_20170116183505479_00.png,Others
5509,28_0_4_20170116210338902_00.png,Others
5510,28_0_4_20170116214318093_00.png,Others
5511,28_0_4_20170116220531686_00.png,Others
5512,28_0_4_20170117020639219_00.png,Others
5513,28_0_4_20170117020801701_00.png,Others
5514,28_0_4_20170117021421106_00.png,Others
5515,28_0_4_20170117190111300_00.png,Others
5516,28_0_4_20170117202304407_00.png,Others
5517,28_0_4_20170117202313951_00.png,Others
5518,28_0_4_20170117202324814_00.png,Others
5519,28_0_4_20170117202327093_00.png,Others
5520,28_0_4_20170117202418494_00.png,Others
5521,28_0_4_20170117202427928_00.png,Others
5522,28_0_4_20170117202457142_00.png,Others
5523,28_1_4_20170103181212270_00.png,Others
5524,28_1_4_20170103182235849_00.png,Others
5525,28_1_4_20170103182238570_00.png,Others
5526,28_1_4_20170103225940625_00.png,Others
5527,28_1_4_20170103225950647_00.png,Others
5528,28_1_4_20170103230506947_00.png,Others
5529,28_1_4_20170103235043691_00.png,Others
5530,28_1_4_20170103235043691_01.png,Others
5531,28_1_4_20170103235557846_00.png,Others
5532,28_1_4_20170103235832524_00.png,Others
5533,28_1_4_20170104000708986_00.png,Others
5534,28_1_4_20170104165215184_00.png,Others
5535,28_1_4_20170105164121996_00.png,Others
5536,28_1_4_20170109003009492_00.png,Others
5537,28_1_4_20170117120426927_00.png,Others
5538,28_1_4_20170117143635625_00.png,Others
5539,28_1_4_20170117145659083_00.png,Others
5540,28_1_4_20170117170432153_00.png,Others
5541,28_1_4_20170117202422103_00.png,Others
5542,28_1_4_20170117202425055_00.png,Others
5543,28_1_4_20170117202452072_00.png,Others
5544,28_1_4_20170117202538583_00.png,Others
5545,28_1_4_20170117202541845_00.png,Others
5546,28_1_4_20170117202544912_00.png,Others
5547,28_1_4_20170117202546775_00.png,Others
5548,28_1_4_20170117202550286_00.png,Others
5549,28_1_4_20170117202552000_00.png,Others
5550,28_1_4_20170117202558575_00.png,Others
5551,28_1_4_20170117202601469_00.png,Others
5552,28_1_4_20170117202606048_00.png,Others
5553,29_0_4_20170103234728788_00.png,Others
5554,29_0_4_20170103235032708_00.png,Others
5555,29_0_4_20170103235130284_00.png,Others
5556,29_0_4_20170103235201420_00.png,Others
5557,29_0_4_20170103235516820_00.png,Others
5558,29_0_4_20170103235840396_00.png,Others
5559,29_0_4_20170103235921692_00.png,Others
5560,29_0_4_20170104200625561_00.png,Others
5561,29_0_4_20170104200952009_00.png,Others
5562,29_0_4_20170108223951591_00.png,Others
5563,29_0_4_20170114033029580_00.png,Others
5564,29_0_4_20170116210407115_00.png,Others
5565,29_0_4_20170117094742046_00.png,Others
5566,29_0_4_20170117180903787_00.png,Others
5567,29_0_4_20170117180914972_00.png,Others
5568,29_0_4_20170117202634086_00.png,Others
5569,29_0_4_20170117202710430_00.png,Others
5570,29_0_4_20170117202712541_00.png,Others
5571,29_0_4_20170119170835447_00.png,Others
5572,29_1_4_20170103163340489_00.png,Others
5573,29_1_4_20170103180829632_00.png,Others
5574,29_1_4_20170103181529824_00.png,Others
5575,29_1_4_20170103224739152_00.png,Others
5576,29_1_4_20170103230119816_00.png,Others
5577,29_1_4_20170103230119816_01.png,Others
5578,29_1_4_20170103230141555_00.png,Others
5579,29_1_4_20170103230245713_00.png,Others
5580,29_1_4_20170103235218684_00.png,Others
5581,29_1_4_20170104165318736_00.png,Others
5582,29_1_4_20170104165735505_00.png,Others
5583,29_1_4_20170105171748652_00.png,Others
5584,29_1_4_20170113011257168_00.png,Others
5585,29_1_4_20170117123747223_00.png,Others
5586,29_1_4_20170117202704359_00.png,Others
5587,29_1_4_20170117202750455_00.png,Others
5588,29_1_4_20170117202752934_00.png,Others
5589,30_0_4_20170103230144585_00.png,Others
5590,30_0_4_20170103230146433_00.png,Others
5591,30_0_4_20170103235622469_00.png,Others
5592,30_0_4_20170104000115245_00.png,Others
5593,30_0_4_20170104170526912_00.png,Others
5594,30_0_4_20170104201527594_00.png,Others
5595,30_0_4_20170105170010108_00.png,Others
5596,30_0_4_20170113133601952_00.png,Others
5597,30_0_4_20170116221659118_00.png,Others
5598,30_0_4_20170117125946865_00.png,Others
5599,30_0_4_20170117130018135_00.png,Others
5600,30_0_4_20170117151010732_00.png,Others
5601,30_0_4_20170117153249558_00.png,Others
5602,30_0_4_20170117154305388_00.png,Others
5603,30_0_4_20170117194418932_00.png,Others
5604,30_0_4_20170117200730006_00.png,Others
5605,30_0_4_20170117202819247_00.png,Others
5606,30_0_4_20170117202914440_00.png,Others
5607,30_0_4_20170117204104479_00.png,Others
5608,30_1_4_20170103181233632_00.png,Others
5609,30_1_4_20170103182430449_00.png,Others
5610,30_1_4_20170103183855083_00.png,Others
5611,30_1_4_20170103213106156_00.png,Others
5612,30_1_4_20170103225917841_00.png,Others
5613,30_1_4_20170103230152025_00.png,Others
5614,30_1_4_20170103230515409_00.png,Others
5615,30_1_4_20170104171702193_00.png,Others
5616,30_1_4_20170105165132148_00.png,Others
5617,30_1_4_20170109135421119_00.png,Others
5618,30_1_4_20170117092306526_00.png,Others
5619,30_1_4_20170117143606826_00.png,Others
5620,30_1_4_20170117143625216_00.png,Others
5621,30_1_4_20170117193820102_00.png,Others
5622,30_1_4_20170117202935574_00.png,Others
5623,30_1_4_20170117202951902_00.png,Others
5624,30_1_4_20170117203004549_00.png,Others
5625,30_1_4_20170117203006317_00.png,Others
5626,30_1_4_20170117203006317_01.png,Others
5627,30_1_4_20170117203008151_00.png,Others
5628,30_1_4_20170117203009657_00.png,Others
5629,31_0_4_20170103235207122_00.png,Others
5630,31_0_4_20170104200510431_00.png,Others
5631,31_0_4_20170105161451773_00.png,Others
5632,31_0_4_20170108235352933_00.png,Others
5633,31_0_4_20170116193338756_00.png,Others
5634,31_0_4_20170116214318093_00.png,Others
5635,31_0_4_20170117020719427_00.png,Others
5636,31_0_4_20170117123923204_00.png,Others
5637,31_0_4_20170117153920514_00.png,Others
5638,31_0_4_20170120133240958_00.png,Others
5639,31_1_4_20161221193256437_00.png,Others
5640,31_1_4_20161221193717222_00.png,Others
5641,31_1_4_20170103182224513_00.png,Others
5642,31_1_4_20170103224732417_00.png,Others
5643,31_1_4_20170103230221721_00.png,Others
5644,31_1_4_20170103230248753_00.png,Others
5645,31_1_4_20170103230257785_00.png,Others
5646,31_1_4_20170103230330201_00.png,Others
5647,31_1_4_20170103230411344_00.png,Others
5648,31_1_4_20170103234105597_00.png,Others
5649,31_1_4_20170104165129944_00.png,Others
5650,31_1_4_20170104165850314_00.png,Others
5651,31_1_4_20170112235052769_00.png,Others
5652,31_1_4_20170112235504601_00.png,Others
5653,31_1_4_20170117203017127_00.png,Others
5654,31_1_4_20170117203039631_00.png,Others
5655,31_1_4_20170117203041312_00.png,Others
5656,31_1_4_20170117203052559_00.png,Others
5657,32_0_4_20170103235323876_00.png,Others
5658,32_0_4_20170103235510730_00.png,Others
5659,32_0_4_20170104000716333_00.png,Others
5660,32_0_4_20170104005921031_00.png,Others
5661,32_0_4_20170104170351168_00.png,Others
5662,32_0_4_20170104170633305_00.png,Others
5663,32_0_4_20170104172421138_00.png,Others
5664,32_0_4_20170104181254053_00.png,Others
5665,32_0_4_20170104204203947_00.png,Others
5666,32_0_4_20170105163336092_00.png,Others
5667,32_0_4_20170105175534654_00.png,Others
5668,32_0_4_20170116220621484_00.png,Others
5669,32_0_4_20170117021536804_00.png,Others
5670,32_0_4_20170117140145171_00.png,Others
5671,32_0_4_20170117203105065_00.png,Others
5672,32_0_4_20170117203107295_00.png,Others
5673,32_0_4_20170117203108807_00.png,Others
5674,32_1_4_20170103180839999_00.png,Others
5675,32_1_4_20170103225047472_00.png,Others
5676,32_1_4_20170103225837104_00.png,Others
5677,32_1_4_20170103230259201_00.png,Others
5678,32_1_4_20170103230317985_00.png,Others
5679,32_1_4_20170104000720352_00.png,Others
5680,32_1_4_20170104011318584_00.png,Others
5681,32_1_4_20170104171544210_00.png,Others
5682,32_1_4_20170105162431387_00.png,Others
5683,32_1_4_20170105164210618_00.png,Others
5684,32_1_4_20170105164252747_00.png,Others
5685,32_1_4_20170105165021555_00.png,Others
5686,32_1_4_20170113000945786_00.png,Others
5687,32_1_4_20170116201655721_00.png,Others
5688,32_1_4_20170117203112816_00.png,Others
5689,32_1_4_20170117203121712_00.png,Others
5690,32_1_4_20170117203123744_00.png,Others
5691,32_1_4_20170117203133752_00.png,Others
5692,33_0_4_20170103235213148_00.png,Others
5693,33_0_4_20170104172529099_00.png,Others
5694,33_0_4_20170104172723834_00.png,Others
5695,33_0_4_20170116220014045_00.png,Others
5696,33_0_4_20170117105033191_00.png,Others
5697,33_0_4_20170117202448894_00.png,Others
5698,33_0_4_20170117203909214_00.png,Others
5699,33_1_4_20170103181754609_00.png,Others
5700,33_1_4_20170117200817413_00.png,Others
5701,34_0_4_20170104000728781_00.png,Others
5702,34_0_4_20170104201954962_00.png,Others
5703,34_0_4_20170105161411273_00.png,Others
5704,34_0_4_20170105165000683_00.png,Others
5705,34_0_4_20170105172322132_00.png,Others
5706,34_0_4_20170105172324413_00.png,Others
5707,34_0_4_20170113161453036_00.png,Others
5708,34_0_4_20170117105033191_00.png,Others
5709,34_0_4_20170117130526488_00.png,Others
5710,34_0_4_20170117141335902_00.png,Others
5711,34_0_4_20170117141716057_00.png,Others
5712,34_0_4_20170117163546730_00.png,Others
5713,34_0_4_20170117203232496_00.png,Others
5714,34_1_4_20170103182156641_00.png,Others
5715,34_1_4_20170103230336761_00.png,Others
5716,34_1_4_20170103230444089_00.png,Others
5717,34_1_4_20170104165941169_00.png,Others
5718,34_1_4_20170113011428472_00.png,Others
5719,35_0_4_20170103230610313_00.png,Others
5720,35_0_4_20170103234956580_00.png,Others
5721,35_0_4_20170104000753052_00.png,Others
5722,35_0_4_20170104011337576_00.png,Others
5723,35_0_4_20170104165959561_00.png,Others
5724,35_0_4_20170104181306061_00.png,Others
5725,35_0_4_20170104192501919_00.png,Others
5726,35_0_4_20170104201734834_00.png,Others
5727,35_0_4_20170105162641195_00.png,Others
5728,35_0_4_20170109001216009_00.png,Others
5729,35_0_4_20170113133347977_00.png,Others
5730,35_0_4_20170116212042685_00.png,Others
5731,35_0_4_20170116214549746_00.png,Others
5732,35_0_4_20170117121605150_00.png,Others
5733,35_0_4_20170117130521027_00.png,Others
5734,35_0_4_20170117132531670_00.png,Others
5735,35_0_4_20170117141858070_00.png,Others
5736,35_0_4_20170117142259383_00.png,Others
5737,35_0_4_20170117153010428_00.png,Others
5738,35_0_4_20170117153235020_00.png,Others
5739,35_0_4_20170117153255579_00.png,Others
5740,35_0_4_20170117153332974_00.png,Others
5741,35_0_4_20170117153804765_00.png,Others
5742,35_0_4_20170117171324867_00.png,Others
5743,35_0_4_20170117174212110_00.png,Others
5744,35_0_4_20170117181019980_00.png,Others
5745,35_0_4_20170117181050987_00.png,Others
5746,35_0_4_20170117194209748_00.png,Others
5747,35_0_4_20170117194507893_00.png,Others
5748,35_0_4_20170117195110413_00.png,Others
5749,35_0_4_20170117203249167_00.png,Others
5750,35_0_4_20170117204336319_00.png,Others
5751,35_0_4_20170117204532088_00.png,Others
5752,35_1_4_20170104181328997_00.png,Others
5753,35_1_4_20170109003348401_00.png,Others
5754,35_1_4_20170113182827279_00.png,Others
5755,35_1_4_20170116221035151_00.png,Others
5756,35_1_4_20170117121903506_00.png,Others
5757,35_1_4_20170117194818924_00.png,Others
5758,35_1_4_20170117195230500_00.png,Others
5759,35_1_4_20170117200255252_00.png,Others
5760,35_1_4_20170117200719931_00.png,Others
5761,35_1_4_20170117201052046_00.png,Others
5762,35_1_4_20170117201436958_00.png,Others
5763,35_1_4_20170117201724582_00.png,Others
5764,35_1_4_20170117201754494_00.png,Others
5765,35_1_4_20170117203326008_00.png,Others
5766,35_1_4_20170117203419569_00.png,Others
5767,35_1_4_20170117203423144_00.png,Others
5768,35_1_4_20170117203433192_00.png,Others
5769,35_1_4_20170117203540087_00.png,Others
5770,35_1_4_20170117203751799_00.png,Others
5771,35_1_4_20170117203828719_00.png,Others
5772,35_1_4_20170117203924087_00.png,Others
5773,36_0_4_20170103230431017_00.png,Others
5774,36_0_4_20170104000906228_00.png,Others
5775,36_0_4_20170105170158252_00.png,Others
5776,36_0_4_20170113133645566_00.png,Others
5777,36_0_4_20170117140440824_00.png,Others
5778,36_0_4_20170117163456359_00.png,Others
5779,36_0_4_20170117183138902_00.png,Others
5780,36_0_4_20170117183809714_00.png,Others
5781,36_0_4_20170117203436206_00.png,Others
5782,36_0_4_20170117203459599_00.png,Others
5783,36_0_4_20170117203502182_00.png,Others
5784,36_1_4_20170104172843788_00.png,Others
5785,36_1_4_20170104204341444_00.png,Others
5786,36_1_4_20170105001239982_00.png,Others
5787,36_1_4_20170105001244316_00.png,Others
5788,36_1_4_20170105164808838_00.png,Others
5789,36_1_4_20170112233252616_00.png,Others
5790,36_1_4_20170112234015846_00.png,Others
5791,36_1_4_20170113001003592_00.png,Others
5792,36_1_4_20170117135904020_00.png,Others
5793,36_1_4_20170117180642329_00.png,Others
5794,36_1_4_20170117203519312_00.png,Others
5795,37_0_4_20170104000748917_00.png,Others
5796,37_0_4_20170104000927484_00.png,Others
5797,37_0_4_20170104201910626_00.png,Others
5798,37_0_4_20170104205837940_00.png,Others
5799,37_0_4_20170116204829478_00.png,Others
5800,37_0_4_20170116233142186_00.png,Others
5801,37_0_4_20170117140108503_00.png,Others
5802,37_1_4_20170104170314561_00.png,Others
5803,37_1_4_20170116002040232_00.png,Others
5804,37_1_4_20170117203627007_00.png,Others
5805,38_0_4_20170103230436562_00.png,Others
5806,38_0_4_20170104000126452_00.png,Others
5807,38_0_4_20170104174520099_00.png,Others
5808,38_0_4_20170104202009825_00.png,Others
5809,38_0_4_20170104202201977_00.png,Others
5810,38_0_4_20170109011128798_00.png,Others
5811,38_0_4_20170109013315959_00.png,Others
5812,38_0_4_20170116215608653_00.png,Others
5813,38_0_4_20170117021834297_00.png,Others
5814,38_1_4_20170103230647441_00.png,Others
5815,38_1_4_20170104183653741_00.png,Others
5816,38_1_4_20170105173608614_00.png,Others
5817,38_1_4_20170109002426534_00.png,Others
5818,38_1_4_20170109003326675_00.png,Others
5819,38_1_4_20170116233353646_00.png,Others
5820,38_1_4_20170117203646323_00.png,Others
5821,38_1_4_20170117203658976_00.png,Others
5822,38_1_4_20170117203712774_00.png,Others
5823,38_1_4_20170117203738528_00.png,Others
5824,39_0_4_20170104000800885_00.png,Others
5825,39_0_4_20170104183739429_00.png,Others
5826,39_0_4_20170104200746817_00.png,Others
5827,39_0_4_20170104200827073_00.png,Others
5828,39_0_4_20170104202054058_00.png,Others
5829,39_0_4_20170104205430619_00.png,Others
5830,39_0_4_20170104205601141_00.png,Others
5831,39_0_4_20170105172836893_00.png,Others
5832,39_1_4_20170103163548640_00.png,Others
5833,39_1_4_20170104172929139_00.png,Others
5834,39_1_4_20170104201147354_00.png,Others
5835,39_1_4_20170104204507323_00.png,Others
5836,39_1_4_20170105001146812_00.png,Others
5837,39_1_4_20170105173036253_00.png,Others
5838,39_1_4_20170109002712574_00.png,Others
5839,40_0_4_20170103235124292_00.png,Others
5840,40_0_4_20170103235124292_01.png,Others
5841,40_0_4_20170104001839285_00.png,Others
5842,40_0_4_20170104192730423_00.png,Others
5843,40_0_4_20170104200459608_00.png,Others
5844,40_0_4_20170104201550378_00.png,Others
5845,40_0_4_20170104202246139_00.png,Others
5846,40_0_4_20170104204553772_00.png,Others
5847,40_0_4_20170104210123901_00.png,Others
5848,40_0_4_20170108231125827_00.png,Others
5849,40_0_4_20170113183427182_00.png,Others
5850,40_0_4_20170116213431880_00.png,Others
5851,40_0_4_20170117013731866_00.png,Others
5852,40_0_4_20170117135456629_00.png,Others
5853,40_0_4_20170117145400915_00.png,Others
5854,40_0_4_20170117175639103_00.png,Others
5855,40_0_4_20170117194620611_00.png,Others
5856,40_0_4_20170117203403479_00.png,Others
5857,40_0_4_20170117203834424_00.png,Others
5858,40_0_4_20170117204008359_00.png,Others
5859,40_1_4_20170103230416025_00.png,Others
5860,40_1_4_20170109003506229_00.png,Others
5861,40_1_4_20170117154246036_00.png,Others
5862,41_0_4_20170104173222571_00.png,Others
5863,41_0_4_20170104185252334_00.png,Others
5864,41_0_4_20170104202035282_00.png,Others
5865,41_0_4_20170104205137196_00.png,Others
5866,41_0_4_20170104205417148_00.png,Others
5867,41_0_4_20170111181750392_00.png,Others
5868,41_0_4_20170117022116049_00.png,Others
5869,41_1_4_20170104204946628_00.png,Others
5870,41_1_4_20170116001848468_00.png,Others
5871,41_1_4_20170117203902928_00.png,Others
5872,42_0_4_20170104174008963_00.png,Others
5873,42_0_4_20170104185534278_00.png,Others
5874,42_0_4_20170104202126618_00.png,Others
5875,42_0_4_20170104202440690_00.png,Others
5876,42_0_4_20170104202505130_00.png,Others
5877,42_0_4_20170104204413955_00.png,Others
5878,42_0_4_20170113174904299_00.png,Others
5879,42_0_4_20170117142732651_00.png,Others
5880,42_0_4_20170117185614642_00.png,Others
5881,42_0_4_20170117185618130_00.png,Others
5882,42_1_4_20170103225757192_00.png,Others
5883,42_1_4_20170103230535913_00.png,Others
5884,42_1_4_20170109002558079_00.png,Others
5885,42_1_4_20170117171425948_00.png,Others
5886,42_1_4_20170117203934434_00.png,Others
5887,42_1_4_20170119204514367_00.png,Others
5888,43_0_4_20170104000923085_00.png,Others
5889,43_0_4_20170104174223892_00.png,Others
5890,43_0_4_20170104205649403_00.png,Others
5891,43_0_4_20170117135938595_00.png,Others
5892,43_0_4_20170117204014422_00.png,Others
5893,43_1_4_20170117174415686_00.png,Others
5894,43_1_4_20170117185935802_00.png,Others
5895,43_1_4_20170117204021688_00.png,Others
5896,43_1_4_20170117204025030_00.png,Others
5897,43_1_4_20170117204026648_00.png,Others
5898,44_0_4_20170103235250676_00.png,Others
5899,44_0_4_20170104001913293_00.png,Others
5900,44_0_4_20170117204035832_00.png,Others
5901,44_1_4_20170104170219257_00.png,Others
5902,45_0_4_20170103235240356_00.png,Others
5903,45_0_4_20170104184343710_00.png,Others
5904,45_0_4_20170104194522552_00.png,Others
5905,45_0_4_20170104200726522_00.png,Others
5906,45_0_4_20170104202016610_00.png,Others
5907,45_0_4_20170104210403467_00.png,Others
5908,45_0_4_20170108230309811_00.png,Others
5909,45_0_4_20170117130551448_00.png,Others
5910,45_0_4_20170117200837845_00.png,Others
5911,45_0_4_20170117201123717_00.png,Others
5912,45_0_4_20170117202920775_00.png,Others
5913,45_0_4_20170117202958949_00.png,Others
5914,45_0_4_20170117203301774_00.png,Others
5915,45_0_4_20170117203306895_00.png,Others
5916,45_0_4_20170117204242833_00.png,Others
5917,45_0_4_20170117204342880_00.png,Others
5918,45_0_4_20170120134936535_00.png,Others
5919,45_1_4_20170113011721570_00.png,Others
5920,45_1_4_20170117145210923_00.png,Others
5921,45_1_4_20170117150756260_00.png,Others
5922,45_1_4_20170117203805390_00.png,Others
5923,46_0_4_20170103235306699_00.png,Others
5924,46_0_4_20170104183938014_00.png,Others
5925,46_0_4_20170104202042473_00.png,Others
5926,46_0_4_20170105162327242_00.png,Others
5927,46_0_4_20170117171327063_00.png,Others
5928,46_0_4_20170117190308338_00.png,Others
5929,46_0_4_20170120134419847_00.png,Others
5930,46_1_4_20170104172709843_00.png,Others
5931,46_1_4_20170105170029053_00.png,Others
5932,47_0_4_20170103230236105_00.png,Others
5933,47_0_4_20170103234841372_00.png,Others
5934,47_0_4_20170104002129509_00.png,Others
5935,47_0_4_20170104002132109_00.png,Others
5936,47_0_4_20170104210443652_00.png,Others
5937,47_0_4_20170104210453028_00.png,Others
5938,47_0_4_20170104211902412_00.png,Others
5939,47_0_4_20170105172754348_00.png,Others
5940,47_1_4_20170103234719420_00.png,Others
5941,47_1_4_20170104181336102_00.png,Others
5942,48_0_4_20170104211610652_00.png,Others
5943,48_0_4_20170104211950852_00.png,Others
5944,48_0_4_20170104213328405_00.png,Others
5945,48_0_4_20170117204131728_00.png,Others
5946,48_1_4_20170104181540549_00.png,Others
5947,49_0_4_20170104000903445_00.png,Others
5948,49_0_4_20170104205251139_00.png,Others
5949,49_0_4_20170104205507484_00.png,Others
5950,49_0_4_20170104210433927_00.png,Others
5951,49_0_4_20170104210601356_00.png,Others
5952,49_0_4_20170117190551451_00.png,Others
5953,49_1_4_20170104235649484_00.png,Others
5954,50_0_4_20170104210650526_00.png,Others
5955,50_0_4_20170105173144813_00.png,Others
5956,50_0_4_20170116224718413_00.png,Others
5957,50_0_4_20170117203102320_00.png,Others
5958,50_0_4_20170117203237079_00.png,Others
5959,50_0_4_20170117204155370_00.png,Others
5960,50_0_4_20170117204204793_00.png,Others
5961,50_1_4_20170105173053477_00.png,Others
5962,50_1_4_20170117203355296_00.png,Others
5963,50_1_4_20170117204033496_00.png,Others
5964,51_0_4_20170104193634471_00.png,Others
5965,51_0_4_20170104210348196_00.png,Others
5966,51_0_4_20170104210502395_00.png,Others
5967,51_0_4_20170104211801364_00.png,Others
5968,51_1_4_20170103234622539_00.png,Others
5969,51_1_4_20170117123956403_00.png,Others
5970,52_0_4_20170103183610052_00.png,Others
5971,52_0_4_20170103235931765_00.png,Others
5972,52_0_4_20170104184746311_00.png,Others
5973,52_0_4_20170104212316604_00.png,Others
5974,52_0_4_20170104212325060_00.png,Others
5975,52_0_4_20170111171747383_00.png,Others
5976,52_1_4_20170104185604990_00.png,Others
5977,53_0_4_20170104184621374_00.png,Others
5978,53_0_4_20170104212427149_00.png,Others
5979,53_0_4_20170109012743281_00.png,Others
5980,53_0_4_20170117204252600_00.png,Others
5981,53_1_4_20170117204257206_00.png,Others
5982,53_1_4_20170117204301062_00.png,Others
5983,53_1_4_20170117204305136_00.png,Others
5984,54_0_4_20170103210718779_00.png,Others
5985,54_0_4_20170104212531845_00.png,Others
5986,54_0_4_20170104212703396_00.png,Others
5987,54_0_4_20170117171439011_00.png,Others
5988,54_0_4_20170117204308977_00.png,Others
5989,54_0_4_20170117204427774_00.png,Others
5990,54_0_4_20170117204537409_00.png,Others
5991,55_0_4_20170117193528283_00.png,Others
5992,55_0_4_20170117203246215_00.png,Others
5993,55_0_4_20170117204624770_00.png,Others
5994,55_0_4_20170120134239783_00.png,Others
5995,55_1_4_20170117203853447_00.png,Others
5996,56_0_4_20170105173517933_00.png,Others
5997,56_0_4_20170117094733987_00.png,Others
5998,57_0_4_20170105171850037_00.png,Others
5999,58_0_4_20170104002248350_00.png,Others
6000,58_0_4_20170104212055205_00.png,Others
6001,58_0_4_20170104212345751_00.png,Others
6002,58_0_4_20170104212755933_00.png,Others
6003,58_0_4_20170104213132981_00.png,Others
6004,58_0_4_20170117204717713_00.png,Others
6005,58_0_4_20170117204733657_00.png,Others
6006,58_0_4_20170120224545639_00.png,Others
6007,59_0_4_20170105173702564_00.png,Others
6008,59_0_4_20170109012655318_00.png,Others
6009,59_0_4_20170117172237604_00.png,Others
6010,60_0_4_20170104185434246_00.png,Others
6011,60_1_4_20170103230632265_00.png,Others
6012,63_0_4_20170104213550381_00.png,Others
6013,63_0_4_20170117175627092_00.png,Others
6014,63_1_4_20170110180156105_00.png,Others
6015,64_0_4_20170103184049701_00.png,Others
6016,65_0_4_20170109005604594_00.png,Others
6017,65_1_4_20170117203945447_00.png,Others
6018,66_0_4_20170104185439302_00.png,Others
6019,66_1_4_20170117091830720_00.png,Others
6020,69_1_4_20170110141201824_00.png,Others
6021,75_0_4_20170111205047952_00.png,Others
6022,76_0_4_20170111222611809_00.png,Others
6023,80_1_4_20170110184132973_00.png,Others
6024,82_0_4_20170117190644623_00.png,Others
6025,84_1_4_20170105001517613_00.png,Others
6026,85_1_4_20170110184012572_00.png,Others
